0 verbose cli C:\Program Files\nodejs\node.exe C:\Users\Pico\AppData\Roaming\npm\node_modules\npm\bin\npm-cli.js
1 info using npm@11.13.0
2 info using node@v26.0.0
3 silly config load:file:C:\Users\Pico\AppData\Roaming\npm\node_modules\npm\npmrc
4 silly config load:file:C:\Users\Pico\Documents\Projects\archi-studio\.npmrc
5 silly config load:file:C:\Users\Pico\.npmrc
6 silly config load:file:C:\Users\Pico\AppData\Roaming\npm\etc\npmrc
7 verbose title npm install
8 verbose argv "install" "--cache" ".npm-cache"
9 verbose logfile logs-max:10 dir:C:\Users\Pico\Documents\Projects\archi-studio\.npm-cache\_logs\2026-06-02T09_10_56_310Z-
10 verbose logfile C:\Users\Pico\Documents\Projects\archi-studio\.npm-cache\_logs\2026-06-02T09_10_56_310Z-debug-0.log
11 silly logfile done cleaning log files
12 silly packumentCache heap:4395630592 maxSize:1098907648 maxEntrySize:549453824
13 http fetch GET https://registry.npmjs.org/npm attempt 1 failed with EACCES
14 silly idealTree buildDeps
15 silly reify mark retired [
15 silly reify   'C:\\Users\\Pico\\Documents\\Projects\\archi-studio\\node_modules\\acorn'
15 silly reify ]
16 silly reify mark retired [
16 silly reify   'C:\\Users\\Pico\\Documents\\Projects\\archi-studio\\node_modules\\acorn-jsx'
16 silly reify ]
17 silly reify mark retired [
17 silly reify   'C:\\Users\\Pico\\Documents\\Projects\\archi-studio\\node_modules\\ajv'
17 silly reify ]
18 silly reify mark retired [
18 silly reify   'C:\\Users\\Pico\\Documents\\Projects\\archi-studio\\node_modules\\aria-query'
18 silly reify ]
19 silly reify mark retired [
19 silly reify   'C:\\Users\\Pico\\Documents\\Projects\\archi-studio\\node_modules\\array-buffer-byte-length'
19 silly reify ]
20 silly reify mark retired [
20 silly reify   'C:\\Users\\Pico\\Documents\\Projects\\archi-studio\\node_modules\\aria-hidden'
20 silly reify ]
21 silly reify mark retired [
21 silly reify   'C:\\Users\\Pico\\Documents\\Projects\\archi-studio\\node_modules\\array-includes'
21 silly reify ]
22 silly reify mark retired [
22 silly reify   'C:\\Users\\Pico\\Documents\\Projects\\archi-studio\\node_modules\\array.prototype.findlast'
22 silly reify ]
23 silly reify mark retired [
23 silly reify   'C:\\Users\\Pico\\Documents\\Projects\\archi-studio\\node_modules\\array.prototype.findlastindex'
23 silly reify ]
24 silly reify mark retired [
24 silly reify   'C:\\Users\\Pico\\Documents\\Projects\\archi-studio\\node_modules\\array.prototype.flat'
24 silly reify ]
25 silly reify mark retired [
25 silly reify   'C:\\Users\\Pico\\Documents\\Projects\\archi-studio\\node_modules\\array.prototype.flatmap'
25 silly reify ]
26 silly reify mark retired [
26 silly reify   'C:\\Users\\Pico\\Documents\\Projects\\archi-studio\\node_modules\\array.prototype.tosorted'
26 silly reify ]
27 silly reify mark retired [
27 silly reify   'C:\\Users\\Pico\\Documents\\Projects\\archi-studio\\node_modules\\arraybuffer.prototype.slice'
27 silly reify ]
28 silly reify mark retired [
28 silly reify   'C:\\Users\\Pico\\Documents\\Projects\\archi-studio\\node_modules\\ast-types-flow'
28 silly reify ]
29 silly reify mark retired [
29 silly reify   'C:\\Users\\Pico\\Documents\\Projects\\archi-studio\\node_modules\\async-function'
29 silly reify ]
30 silly reify mark retired [
30 silly reify   'C:\\Users\\Pico\\Documents\\Projects\\archi-studio\\node_modules\\available-typed-arrays'
30 silly reify ]
31 silly reify mark retired [
31 silly reify   'C:\\Users\\Pico\\Documents\\Projects\\archi-studio\\node_modules\\axe-core'
31 silly reify ]
32 silly reify mark retired [
32 silly reify   'C:\\Users\\Pico\\Documents\\Projects\\archi-studio\\node_modules\\axobject-query'
32 silly reify ]
33 silly reify mark retired [
33 silly reify   'C:\\Users\\Pico\\Documents\\Projects\\archi-studio\\node_modules\\balanced-match'
33 silly reify ]
34 silly reify mark retired [
34 silly reify   'C:\\Users\\Pico\\Documents\\Projects\\archi-studio\\node_modules\\baseline-browser-mapping'
34 silly reify ]
35 silly reify mark retired [
35 silly reify   'C:\\Users\\Pico\\Documents\\Projects\\archi-studio\\node_modules\\brace-expansion'
35 silly reify ]
36 silly reify mark retired [
36 silly reify   'C:\\Users\\Pico\\Documents\\Projects\\archi-studio\\node_modules\\call-bind'
36 silly reify ]
37 silly reify mark retired [
37 silly reify   'C:\\Users\\Pico\\Documents\\Projects\\archi-studio\\node_modules\\chalk'
37 silly reify ]
38 silly reify mark retired [
38 silly reify   'C:\\Users\\Pico\\Documents\\Projects\\archi-studio\\node_modules\\clsx'
38 silly reify ]
39 silly reify mark retired [
39 silly reify   'C:\\Users\\Pico\\Documents\\Projects\\archi-studio\\node_modules\\concat-map'
39 silly reify ]
40 silly reify mark retired [
40 silly reify   'C:\\Users\\Pico\\Documents\\Projects\\archi-studio\\node_modules\\data-view-buffer'
40 silly reify ]
41 silly reify mark retired [
41 silly reify   'C:\\Users\\Pico\\Documents\\Projects\\archi-studio\\node_modules\\data-view-byte-length'
41 silly reify ]
42 silly reify mark retired [
42 silly reify   'C:\\Users\\Pico\\Documents\\Projects\\archi-studio\\node_modules\\damerau-levenshtein'
42 silly reify ]
43 silly reify mark retired [
43 silly reify   'C:\\Users\\Pico\\Documents\\Projects\\archi-studio\\node_modules\\data-view-byte-offset'
43 silly reify ]
44 silly reify mark retired [
44 silly reify   'C:\\Users\\Pico\\Documents\\Projects\\archi-studio\\node_modules\\deep-is'
44 silly reify ]
45 silly reify mark retired [
45 silly reify   'C:\\Users\\Pico\\Documents\\Projects\\archi-studio\\node_modules\\define-data-property'
45 silly reify ]
46 silly reify mark retired [
46 silly reify   'C:\\Users\\Pico\\Documents\\Projects\\archi-studio\\node_modules\\define-properties'
46 silly reify ]
47 silly reify mark retired [
47 silly reify   'C:\\Users\\Pico\\Documents\\Projects\\archi-studio\\node_modules\\detect-libc'
47 silly reify ]
48 silly reify mark retired [
48 silly reify   'C:\\Users\\Pico\\Documents\\Projects\\archi-studio\\node_modules\\detect-node-es'
48 silly reify ]
49 silly reify mark retired [
49 silly reify   'C:\\Users\\Pico\\Documents\\Projects\\archi-studio\\node_modules\\doctrine'
49 silly reify ]
50 silly reify mark retired [
50 silly reify   'C:\\Users\\Pico\\Documents\\Projects\\archi-studio\\node_modules\\electron-to-chromium'
50 silly reify ]
51 silly reify mark retired [
51 silly reify   'C:\\Users\\Pico\\Documents\\Projects\\archi-studio\\node_modules\\enhanced-resolve'
51 silly reify ]
52 silly reify mark retired [
52 silly reify   'C:\\Users\\Pico\\Documents\\Projects\\archi-studio\\node_modules\\es-abstract'
52 silly reify ]
53 silly reify mark retired [
53 silly reify   'C:\\Users\\Pico\\Documents\\Projects\\archi-studio\\node_modules\\emoji-regex'
53 silly reify ]
54 silly reify mark retired [
54 silly reify   'C:\\Users\\Pico\\Documents\\Projects\\archi-studio\\node_modules\\es-iterator-helpers'
54 silly reify ]
55 silly reify mark retired [
55 silly reify   'C:\\Users\\Pico\\Documents\\Projects\\archi-studio\\node_modules\\es-set-tostringtag'
55 silly reify ]
56 silly reify mark retired [
56 silly reify   'C:\\Users\\Pico\\Documents\\Projects\\archi-studio\\node_modules\\es-shim-unscopables'
56 silly reify ]
57 silly reify mark retired [
57 silly reify   'C:\\Users\\Pico\\Documents\\Projects\\archi-studio\\node_modules\\es-to-primitive'
57 silly reify ]
58 silly reify mark retired [
58 silly reify   'C:\\Users\\Pico\\Documents\\Projects\\archi-studio\\node_modules\\escape-string-regexp'
58 silly reify ]
59 silly reify mark retired [
59 silly reify   'C:\\Users\\Pico\\Documents\\Projects\\archi-studio\\node_modules\\eslint'
59 silly reify ]
60 silly reify mark retired [
60 silly reify   'C:\\Users\\Pico\\Documents\\Projects\\archi-studio\\node_modules\\eslint-config-next'
60 silly reify ]
61 silly reify mark retired [
61 silly reify   'C:\\Users\\Pico\\Documents\\Projects\\archi-studio\\node_modules\\eslint-import-resolver-node'
61 silly reify ]
62 silly reify mark retired [
62 silly reify   'C:\\Users\\Pico\\Documents\\Projects\\archi-studio\\node_modules\\eslint-import-resolver-typescript'
62 silly reify ]
63 silly reify mark retired [
63 silly reify   'C:\\Users\\Pico\\Documents\\Projects\\archi-studio\\node_modules\\eslint-module-utils'
63 silly reify ]
64 silly reify mark retired [
64 silly reify   'C:\\Users\\Pico\\Documents\\Projects\\archi-studio\\node_modules\\eslint-plugin-import'
64 silly reify ]
65 silly reify mark retired [
65 silly reify   'C:\\Users\\Pico\\Documents\\Projects\\archi-studio\\node_modules\\eslint-plugin-jsx-a11y'
65 silly reify ]
66 silly reify mark retired [
66 silly reify   'C:\\Users\\Pico\\Documents\\Projects\\archi-studio\\node_modules\\eslint-plugin-react'
66 silly reify ]
67 silly reify mark retired [
67 silly reify   'C:\\Users\\Pico\\Documents\\Projects\\archi-studio\\node_modules\\eslint-plugin-react-hooks'
67 silly reify ]
68 silly reify mark retired [
68 silly reify   'C:\\Users\\Pico\\Documents\\Projects\\archi-studio\\node_modules\\eslint-scope'
68 silly reify ]
69 silly reify mark retired [
69 silly reify   'C:\\Users\\Pico\\Documents\\Projects\\archi-studio\\node_modules\\eslint-visitor-keys'
69 silly reify ]
70 silly reify mark retired [
70 silly reify   'C:\\Users\\Pico\\Documents\\Projects\\archi-studio\\node_modules\\espree'
70 silly reify ]
71 silly reify mark retired [
71 silly reify   'C:\\Users\\Pico\\Documents\\Projects\\archi-studio\\node_modules\\esrecurse'
71 silly reify ]
72 silly reify mark retired [
72 silly reify   'C:\\Users\\Pico\\Documents\\Projects\\archi-studio\\node_modules\\esquery'
72 silly reify ]
73 silly reify mark retired [
73 silly reify   'C:\\Users\\Pico\\Documents\\Projects\\archi-studio\\node_modules\\fast-glob'
73 silly reify ]
74 silly reify mark retired [
74 silly reify   'C:\\Users\\Pico\\Documents\\Projects\\archi-studio\\node_modules\\fast-json-stable-stringify'
74 silly reify ]
75 silly reify mark retired [
75 silly reify   'C:\\Users\\Pico\\Documents\\Projects\\archi-studio\\node_modules\\fast-levenshtein'
75 silly reify ]
76 silly reify mark retired [
76 silly reify   'C:\\Users\\Pico\\Documents\\Projects\\archi-studio\\node_modules\\file-entry-cache'
76 silly reify ]
77 silly reify mark retired [
77 silly reify   'C:\\Users\\Pico\\Documents\\Projects\\archi-studio\\node_modules\\find-up'
77 silly reify ]
78 silly reify mark retired [
78 silly reify   'C:\\Users\\Pico\\Documents\\Projects\\archi-studio\\node_modules\\flat-cache'
78 silly reify ]
79 silly reify mark retired [
79 silly reify   'C:\\Users\\Pico\\Documents\\Projects\\archi-studio\\node_modules\\flatted'
79 silly reify ]
80 silly reify mark retired [
80 silly reify   'C:\\Users\\Pico\\Documents\\Projects\\archi-studio\\node_modules\\framer-motion'
80 silly reify ]
81 silly reify mark retired [
81 silly reify   'C:\\Users\\Pico\\Documents\\Projects\\archi-studio\\node_modules\\for-each'
81 silly reify ]
82 silly reify mark retired [
82 silly reify   'C:\\Users\\Pico\\Documents\\Projects\\archi-studio\\node_modules\\function.prototype.name'
82 silly reify ]
83 silly reify mark retired [
83 silly reify   'C:\\Users\\Pico\\Documents\\Projects\\archi-studio\\node_modules\\functions-have-names'
83 silly reify ]
84 silly reify mark retired [
84 silly reify   'C:\\Users\\Pico\\Documents\\Projects\\archi-studio\\node_modules\\generator-function'
84 silly reify ]
85 silly reify mark retired [
85 silly reify   'C:\\Users\\Pico\\Documents\\Projects\\archi-studio\\node_modules\\get-symbol-description'
85 silly reify ]
86 silly reify mark retired [
86 silly reify   'C:\\Users\\Pico\\Documents\\Projects\\archi-studio\\node_modules\\get-tsconfig'
86 silly reify ]
87 silly reify mark retired [
87 silly reify   'C:\\Users\\Pico\\Documents\\Projects\\archi-studio\\node_modules\\get-nonce'
87 silly reify ]
88 silly reify mark retired [
88 silly reify   'C:\\Users\\Pico\\Documents\\Projects\\archi-studio\\node_modules\\globalthis'
88 silly reify ]
89 silly reify mark retired [
89 silly reify   'C:\\Users\\Pico\\Documents\\Projects\\archi-studio\\node_modules\\has-bigints'
89 silly reify ]
90 silly reify mark retired [
90 silly reify   'C:\\Users\\Pico\\Documents\\Projects\\archi-studio\\node_modules\\has-flag'
90 silly reify ]
91 silly reify mark retired [
91 silly reify   'C:\\Users\\Pico\\Documents\\Projects\\archi-studio\\node_modules\\globals'
91 silly reify ]
92 silly reify mark retired [
92 silly reify   'C:\\Users\\Pico\\Documents\\Projects\\archi-studio\\node_modules\\has-property-descriptors'
92 silly reify ]
93 silly reify mark retired [
93 silly reify   'C:\\Users\\Pico\\Documents\\Projects\\archi-studio\\node_modules\\has-proto'
93 silly reify ]
94 silly reify mark retired [
94 silly reify   'C:\\Users\\Pico\\Documents\\Projects\\archi-studio\\node_modules\\has-tostringtag'
94 silly reify ]
95 silly reify mark retired [
95 silly reify   'C:\\Users\\Pico\\Documents\\Projects\\archi-studio\\node_modules\\hermes-estree'
95 silly reify ]
96 silly reify mark retired [
96 silly reify   'C:\\Users\\Pico\\Documents\\Projects\\archi-studio\\node_modules\\hermes-parser'
96 silly reify ]
97 silly reify mark retired [
97 silly reify   'C:\\Users\\Pico\\Documents\\Projects\\archi-studio\\node_modules\\icu-minify'
97 silly reify ]
98 silly reify mark retired [
98 silly reify   'C:\\Users\\Pico\\Documents\\Projects\\archi-studio\\node_modules\\imurmurhash'
98 silly reify ]
99 silly reify mark retired [
99 silly reify   'C:\\Users\\Pico\\Documents\\Projects\\archi-studio\\node_modules\\internal-slot'
99 silly reify ]
100 silly reify mark retired [
100 silly reify   'C:\\Users\\Pico\\Documents\\Projects\\archi-studio\\node_modules\\intl-messageformat'
100 silly reify ]
101 silly reify mark retired [
101 silly reify   'C:\\Users\\Pico\\Documents\\Projects\\archi-studio\\node_modules\\is-array-buffer'
101 silly reify ]
102 silly reify mark retired [
102 silly reify   'C:\\Users\\Pico\\Documents\\Projects\\archi-studio\\node_modules\\is-async-function'
102 silly reify ]
103 silly reify mark retired [
103 silly reify   'C:\\Users\\Pico\\Documents\\Projects\\archi-studio\\node_modules\\is-bigint'
103 silly reify ]
104 silly reify mark retired [
104 silly reify   'C:\\Users\\Pico\\Documents\\Projects\\archi-studio\\node_modules\\is-boolean-object'
104 silly reify ]
105 silly reify mark retired [
105 silly reify   'C:\\Users\\Pico\\Documents\\Projects\\archi-studio\\node_modules\\is-bun-module'
105 silly reify ]
106 silly reify mark retired [
106 silly reify   'C:\\Users\\Pico\\Documents\\Projects\\archi-studio\\node_modules\\is-callable'
106 silly reify ]
107 silly reify mark retired [
107 silly reify   'C:\\Users\\Pico\\Documents\\Projects\\archi-studio\\node_modules\\is-data-view'
107 silly reify ]
108 silly reify mark retired [
108 silly reify   'C:\\Users\\Pico\\Documents\\Projects\\archi-studio\\node_modules\\is-date-object'
108 silly reify ]
109 silly reify mark retired [
109 silly reify   'C:\\Users\\Pico\\Documents\\Projects\\archi-studio\\node_modules\\is-finalizationregistry'
109 silly reify ]
110 silly reify mark retired [
110 silly reify   'C:\\Users\\Pico\\Documents\\Projects\\archi-studio\\node_modules\\is-generator-function'
110 silly reify ]
111 silly reify mark retired [
111 silly reify   'C:\\Users\\Pico\\Documents\\Projects\\archi-studio\\node_modules\\is-map'
111 silly reify ]
112 silly reify mark retired [
112 silly reify   'C:\\Users\\Pico\\Documents\\Projects\\archi-studio\\node_modules\\is-negative-zero'
112 silly reify ]
113 silly reify mark retired [
113 silly reify   'C:\\Users\\Pico\\Documents\\Projects\\archi-studio\\node_modules\\is-number-object'
113 silly reify ]
114 silly reify mark retired [
114 silly reify   'C:\\Users\\Pico\\Documents\\Projects\\archi-studio\\node_modules\\is-regex'
114 silly reify ]
115 silly reify mark retired [
115 silly reify   'C:\\Users\\Pico\\Documents\\Projects\\archi-studio\\node_modules\\is-set'
115 silly reify ]
116 silly reify mark retired [
116 silly reify   'C:\\Users\\Pico\\Documents\\Projects\\archi-studio\\node_modules\\is-shared-array-buffer'
116 silly reify ]
117 silly reify mark retired [
117 silly reify   'C:\\Users\\Pico\\Documents\\Projects\\archi-studio\\node_modules\\is-string'
117 silly reify ]
118 silly reify mark retired [
118 silly reify   'C:\\Users\\Pico\\Documents\\Projects\\archi-studio\\node_modules\\is-symbol'
118 silly reify ]
119 silly reify mark retired [
119 silly reify   'C:\\Users\\Pico\\Documents\\Projects\\archi-studio\\node_modules\\is-typed-array'
119 silly reify ]
120 silly reify mark retired [
120 silly reify   'C:\\Users\\Pico\\Documents\\Projects\\archi-studio\\node_modules\\is-weakmap'
120 silly reify ]
121 silly reify mark retired [
121 silly reify   'C:\\Users\\Pico\\Documents\\Projects\\archi-studio\\node_modules\\is-weakref'
121 silly reify ]
122 silly reify mark retired [
122 silly reify   'C:\\Users\\Pico\\Documents\\Projects\\archi-studio\\node_modules\\is-weakset'
122 silly reify ]
123 silly reify mark retired [
123 silly reify   'C:\\Users\\Pico\\Documents\\Projects\\archi-studio\\node_modules\\isarray'
123 silly reify ]
124 silly reify mark retired [
124 silly reify   'C:\\Users\\Pico\\Documents\\Projects\\archi-studio\\node_modules\\iterator.prototype'
124 silly reify ]
125 silly reify mark retired [
125 silly reify   'C:\\Users\\Pico\\Documents\\Projects\\archi-studio\\node_modules\\jiti'
125 silly reify ]
126 silly reify mark retired [
126 silly reify   'C:\\Users\\Pico\\Documents\\Projects\\archi-studio\\node_modules\\json-buffer'
126 silly reify ]
127 silly reify mark retired [
127 silly reify   'C:\\Users\\Pico\\Documents\\Projects\\archi-studio\\node_modules\\json-stable-stringify-without-jsonify'
127 silly reify ]
128 silly reify mark retired [
128 silly reify   'C:\\Users\\Pico\\Documents\\Projects\\archi-studio\\node_modules\\jsx-ast-utils'
128 silly reify ]
129 silly reify mark retired [
129 silly reify   'C:\\Users\\Pico\\Documents\\Projects\\archi-studio\\node_modules\\keyv'
129 silly reify ]
130 silly reify mark retired [
130 silly reify   'C:\\Users\\Pico\\Documents\\Projects\\archi-studio\\node_modules\\json-schema-traverse'
130 silly reify ]
131 silly reify mark retired [
131 silly reify   'C:\\Users\\Pico\\Documents\\Projects\\archi-studio\\node_modules\\language-subtag-registry'
131 silly reify ]
132 silly reify mark retired [
132 silly reify   'C:\\Users\\Pico\\Documents\\Projects\\archi-studio\\node_modules\\language-tags'
132 silly reify ]
133 silly reify mark retired [
133 silly reify   'C:\\Users\\Pico\\Documents\\Projects\\archi-studio\\node_modules\\levn'
133 silly reify ]
134 silly reify mark retired [
134 silly reify   'C:\\Users\\Pico\\Documents\\Projects\\archi-studio\\node_modules\\lightningcss'
134 silly reify ]
135 silly reify mark retired [
135 silly reify   'C:\\Users\\Pico\\Documents\\Projects\\archi-studio\\node_modules\\lightningcss-win32-x64-msvc'
135 silly reify ]
136 silly reify mark retired [
136 silly reify   'C:\\Users\\Pico\\Documents\\Projects\\archi-studio\\node_modules\\locate-path'
136 silly reify ]
137 silly reify mark retired [
137 silly reify   'C:\\Users\\Pico\\Documents\\Projects\\archi-studio\\node_modules\\lodash.merge'
137 silly reify ]
138 silly reify mark retired [
138 silly reify   'C:\\Users\\Pico\\Documents\\Projects\\archi-studio\\node_modules\\lucide-react'
138 silly reify ]
139 silly reify mark retired [
139 silly reify   'C:\\Users\\Pico\\Documents\\Projects\\archi-studio\\node_modules\\magic-string'
139 silly reify ]
140 silly reify mark retired [
140 silly reify   'C:\\Users\\Pico\\Documents\\Projects\\archi-studio\\node_modules\\minimatch'
140 silly reify ]
141 silly reify mark retired [
141 silly reify   'C:\\Users\\Pico\\Documents\\Projects\\archi-studio\\node_modules\\motion-dom'
141 silly reify ]
142 silly reify mark retired [
142 silly reify   'C:\\Users\\Pico\\Documents\\Projects\\archi-studio\\node_modules\\motion-utils'
142 silly reify ]
143 silly reify mark retired [
143 silly reify   'C:\\Users\\Pico\\Documents\\Projects\\archi-studio\\node_modules\\napi-postinstall'
143 silly reify ]
144 silly reify mark retired [
144 silly reify   'C:\\Users\\Pico\\Documents\\Projects\\archi-studio\\node_modules\\natural-compare'
144 silly reify ]
145 silly reify mark retired [
145 silly reify   'C:\\Users\\Pico\\Documents\\Projects\\archi-studio\\node_modules\\next'
145 silly reify ]
146 silly reify mark retired [
146 silly reify   'C:\\Users\\Pico\\Documents\\Projects\\archi-studio\\node_modules\\next-intl'
146 silly reify ]
147 silly reify mark retired [
147 silly reify   'C:\\Users\\Pico\\Documents\\Projects\\archi-studio\\node_modules\\next-intl-swc-plugin-extractor'
147 silly reify ]
148 silly reify mark retired [
148 silly reify   'C:\\Users\\Pico\\Documents\\Projects\\archi-studio\\node_modules\\node-addon-api'
148 silly reify ]
149 silly reify mark retired [
149 silly reify   'C:\\Users\\Pico\\Documents\\Projects\\archi-studio\\node_modules\\node-exports-info'
149 silly reify ]
150 silly reify mark retired [
150 silly reify   'C:\\Users\\Pico\\Documents\\Projects\\archi-studio\\node_modules\\nodemailer'
150 silly reify ]
151 silly reify mark retired [
151 silly reify   'C:\\Users\\Pico\\Documents\\Projects\\archi-studio\\node_modules\\object-keys'
151 silly reify ]
152 silly reify mark retired [
152 silly reify   'C:\\Users\\Pico\\Documents\\Projects\\archi-studio\\node_modules\\object.assign'
152 silly reify ]
153 silly reify mark retired [
153 silly reify   'C:\\Users\\Pico\\Documents\\Projects\\archi-studio\\node_modules\\object.entries'
153 silly reify ]
154 silly reify mark retired [
154 silly reify   'C:\\Users\\Pico\\Documents\\Projects\\archi-studio\\node_modules\\object.fromentries'
154 silly reify ]
155 silly reify mark retired [
155 silly reify   'C:\\Users\\Pico\\Documents\\Projects\\archi-studio\\node_modules\\object.groupby'
155 silly reify ]
156 silly reify mark retired [
156 silly reify   'C:\\Users\\Pico\\Documents\\Projects\\archi-studio\\node_modules\\object.values'
156 silly reify ]
157 silly reify mark retired [
157 silly reify   'C:\\Users\\Pico\\Documents\\Projects\\archi-studio\\node_modules\\optionator'
157 silly reify ]
158 silly reify mark retired [
158 silly reify   'C:\\Users\\Pico\\Documents\\Projects\\archi-studio\\node_modules\\own-keys'
158 silly reify ]
159 silly reify mark retired [
159 silly reify   'C:\\Users\\Pico\\Documents\\Projects\\archi-studio\\node_modules\\p-limit'
159 silly reify ]
160 silly reify mark retired [
160 silly reify   'C:\\Users\\Pico\\Documents\\Projects\\archi-studio\\node_modules\\p-locate'
160 silly reify ]
161 silly reify mark retired [
161 silly reify   'C:\\Users\\Pico\\Documents\\Projects\\archi-studio\\node_modules\\path-exists'
161 silly reify ]
162 silly reify mark retired [
162 silly reify   'C:\\Users\\Pico\\Documents\\Projects\\archi-studio\\node_modules\\possible-typed-array-names'
162 silly reify ]
163 silly reify mark retired [
163 silly reify   'C:\\Users\\Pico\\Documents\\Projects\\archi-studio\\node_modules\\prelude-ls'
163 silly reify ]
164 silly reify mark retired [
164 silly reify   'C:\\Users\\Pico\\Documents\\Projects\\archi-studio\\node_modules\\po-parser'
164 silly reify ]
165 silly reify mark retired [
165 silly reify   'C:\\Users\\Pico\\Documents\\Projects\\archi-studio\\node_modules\\prop-types'
165 silly reify ]
166 silly reify mark retired [
166 silly reify   'C:\\Users\\Pico\\Documents\\Projects\\archi-studio\\node_modules\\punycode'
166 silly reify ]
167 silly reify mark retired [
167 silly reify   'C:\\Users\\Pico\\Documents\\Projects\\archi-studio\\node_modules\\react'
167 silly reify ]
168 silly reify mark retired [
168 silly reify   'C:\\Users\\Pico\\Documents\\Projects\\archi-studio\\node_modules\\react-dom'
168 silly reify ]
169 silly reify mark retired [
169 silly reify   'C:\\Users\\Pico\\Documents\\Projects\\archi-studio\\node_modules\\react-is'
169 silly reify ]
170 silly reify mark retired [
170 silly reify   'C:\\Users\\Pico\\Documents\\Projects\\archi-studio\\node_modules\\react-remove-scroll'
170 silly reify ]
171 silly reify mark retired [
171 silly reify   'C:\\Users\\Pico\\Documents\\Projects\\archi-studio\\node_modules\\react-remove-scroll-bar'
171 silly reify ]
172 silly reify mark retired [
172 silly reify   'C:\\Users\\Pico\\Documents\\Projects\\archi-studio\\node_modules\\react-style-singleton'
172 silly reify ]
173 silly reify mark retired [
173 silly reify   'C:\\Users\\Pico\\Documents\\Projects\\archi-studio\\node_modules\\reflect.getprototypeof'
173 silly reify ]
174 silly reify mark retired [
174 silly reify   'C:\\Users\\Pico\\Documents\\Projects\\archi-studio\\node_modules\\regexp.prototype.flags'
174 silly reify ]
175 silly reify mark retired [
175 silly reify   'C:\\Users\\Pico\\Documents\\Projects\\archi-studio\\node_modules\\resolve'
175 silly reify ]
176 silly reify mark retired [
176 silly reify   'C:\\Users\\Pico\\Documents\\Projects\\archi-studio\\node_modules\\resolve-pkg-maps'
176 silly reify ]
177 silly reify mark retired [
177 silly reify   'C:\\Users\\Pico\\Documents\\Projects\\archi-studio\\node_modules\\safe-array-concat'
177 silly reify ]
178 silly reify mark retired [
178 silly reify   'C:\\Users\\Pico\\Documents\\Projects\\archi-studio\\node_modules\\safe-push-apply'
178 silly reify ]
179 silly reify mark retired [
179 silly reify   'C:\\Users\\Pico\\Documents\\Projects\\archi-studio\\node_modules\\safe-regex-test'
179 silly reify ]
180 silly reify mark retired [
180 silly reify   'C:\\Users\\Pico\\Documents\\Projects\\archi-studio\\node_modules\\scheduler'
180 silly reify ]
181 silly reify mark retired [
181 silly reify   'C:\\Users\\Pico\\Documents\\Projects\\archi-studio\\node_modules\\set-function-length'
181 silly reify ]
182 silly reify mark retired [
182 silly reify   'C:\\Users\\Pico\\Documents\\Projects\\archi-studio\\node_modules\\set-function-name'
182 silly reify ]
183 silly reify mark retired [
183 silly reify   'C:\\Users\\Pico\\Documents\\Projects\\archi-studio\\node_modules\\set-proto'
183 silly reify ]
184 silly reify mark retired [
184 silly reify   'C:\\Users\\Pico\\Documents\\Projects\\archi-studio\\node_modules\\sharp'
184 silly reify ]
185 silly reify mark retired [
185 silly reify   'C:\\Users\\Pico\\Documents\\Projects\\archi-studio\\node_modules\\stable-hash'
185 silly reify ]
186 silly reify mark retired [
186 silly reify   'C:\\Users\\Pico\\Documents\\Projects\\archi-studio\\node_modules\\stop-iteration-iterator'
186 silly reify ]
187 silly reify mark retired [
187 silly reify   'C:\\Users\\Pico\\Documents\\Projects\\archi-studio\\node_modules\\string.prototype.includes'
187 silly reify ]
188 silly reify mark retired [
188 silly reify   'C:\\Users\\Pico\\Documents\\Projects\\archi-studio\\node_modules\\string.prototype.matchall'
188 silly reify ]
189 silly reify mark retired [
189 silly reify   'C:\\Users\\Pico\\Documents\\Projects\\archi-studio\\node_modules\\string.prototype.repeat'
189 silly reify ]
190 silly reify mark retired [
190 silly reify   'C:\\Users\\Pico\\Documents\\Projects\\archi-studio\\node_modules\\string.prototype.trim'
190 silly reify ]
191 silly reify mark retired [
191 silly reify   'C:\\Users\\Pico\\Documents\\Projects\\archi-studio\\node_modules\\string.prototype.trimend'
191 silly reify ]
192 silly reify mark retired [
192 silly reify   'C:\\Users\\Pico\\Documents\\Projects\\archi-studio\\node_modules\\string.prototype.trimstart'
192 silly reify ]
193 silly reify mark retired [
193 silly reify   'C:\\Users\\Pico\\Documents\\Projects\\archi-studio\\node_modules\\strip-json-comments'
193 silly reify ]
194 silly reify mark retired [
194 silly reify   'C:\\Users\\Pico\\Documents\\Projects\\archi-studio\\node_modules\\supports-color'
194 silly reify ]
195 silly reify mark retired [
195 silly reify   'C:\\Users\\Pico\\Documents\\Projects\\archi-studio\\node_modules\\styled-jsx'
195 silly reify ]
196 silly reify mark retired [
196 silly reify   'C:\\Users\\Pico\\Documents\\Projects\\archi-studio\\node_modules\\tailwind-merge'
196 silly reify ]
197 silly reify mark retired [
197 silly reify   'C:\\Users\\Pico\\Documents\\Projects\\archi-studio\\node_modules\\tailwindcss'
197 silly reify ]
198 silly reify mark retired [
198 silly reify   'C:\\Users\\Pico\\Documents\\Projects\\archi-studio\\node_modules\\tapable'
198 silly reify ]
199 silly reify mark retired [
199 silly reify   'C:\\Users\\Pico\\Documents\\Projects\\archi-studio\\node_modules\\ts-api-utils'
199 silly reify ]
200 silly reify mark retired [
200 silly reify   'C:\\Users\\Pico\\Documents\\Projects\\archi-studio\\node_modules\\tsconfig-paths'
200 silly reify ]
201 silly reify mark retired [
201 silly reify   'C:\\Users\\Pico\\Documents\\Projects\\archi-studio\\node_modules\\type-check'
201 silly reify ]
202 silly reify mark retired [
202 silly reify   'C:\\Users\\Pico\\Documents\\Projects\\archi-studio\\node_modules\\typed-array-buffer'
202 silly reify ]
203 silly reify mark retired [
203 silly reify   'C:\\Users\\Pico\\Documents\\Projects\\archi-studio\\node_modules\\typed-array-byte-length'
203 silly reify ]
204 silly reify mark retired [
204 silly reify   'C:\\Users\\Pico\\Documents\\Projects\\archi-studio\\node_modules\\typed-array-byte-offset'
204 silly reify ]
205 silly reify mark retired [
205 silly reify   'C:\\Users\\Pico\\Documents\\Projects\\archi-studio\\node_modules\\typed-array-length'
205 silly reify ]
206 silly reify mark retired [
206 silly reify   'C:\\Users\\Pico\\Documents\\Projects\\archi-studio\\node_modules\\typescript-eslint'
206 silly reify ]
207 silly reify mark retired [
207 silly reify   'C:\\Users\\Pico\\Documents\\Projects\\archi-studio\\node_modules\\unbox-primitive'
207 silly reify ]
208 silly reify mark retired [
208 silly reify   'C:\\Users\\Pico\\Documents\\Projects\\archi-studio\\node_modules\\unrs-resolver'
208 silly reify ]
209 silly reify mark retired [
209 silly reify   'C:\\Users\\Pico\\Documents\\Projects\\archi-studio\\node_modules\\uri-js'
209 silly reify ]
210 silly reify mark retired [
210 silly reify   'C:\\Users\\Pico\\Documents\\Projects\\archi-studio\\node_modules\\use-callback-ref'
210 silly reify ]
211 silly reify mark retired [
211 silly reify   'C:\\Users\\Pico\\Documents\\Projects\\archi-studio\\node_modules\\use-intl'
211 silly reify ]
212 silly reify mark retired [
212 silly reify   'C:\\Users\\Pico\\Documents\\Projects\\archi-studio\\node_modules\\use-sidecar'
212 silly reify ]
213 silly reify mark retired [
213 silly reify   'C:\\Users\\Pico\\Documents\\Projects\\archi-studio\\node_modules\\which-boxed-primitive'
213 silly reify ]
214 silly reify mark retired [
214 silly reify   'C:\\Users\\Pico\\Documents\\Projects\\archi-studio\\node_modules\\which-builtin-type'
214 silly reify ]
215 silly reify mark retired [
215 silly reify   'C:\\Users\\Pico\\Documents\\Projects\\archi-studio\\node_modules\\which-collection'
215 silly reify ]
216 silly reify mark retired [
216 silly reify   'C:\\Users\\Pico\\Documents\\Projects\\archi-studio\\node_modules\\which-typed-array'
216 silly reify ]
217 silly reify mark retired [
217 silly reify   'C:\\Users\\Pico\\Documents\\Projects\\archi-studio\\node_modules\\word-wrap'
217 silly reify ]
218 silly reify mark retired [
218 silly reify   'C:\\Users\\Pico\\Documents\\Projects\\archi-studio\\node_modules\\yocto-queue'
218 silly reify ]
219 silly reify mark retired [
219 silly reify   'C:\\Users\\Pico\\Documents\\Projects\\archi-studio\\node_modules\\zod'
219 silly reify ]
220 silly reify mark retired [
220 silly reify   'C:\\Users\\Pico\\Documents\\Projects\\archi-studio\\node_modules\\zod-validation-error'
220 silly reify ]
221 silly reify mark retired [
221 silly reify   'C:\\Users\\Pico\\Documents\\Projects\\archi-studio\\node_modules\\@eslint\\config-helpers'
221 silly reify ]
222 silly reify mark retired [
222 silly reify   'C:\\Users\\Pico\\Documents\\Projects\\archi-studio\\node_modules\\@eslint\\config-array'
222 silly reify ]
223 silly reify mark retired [
223 silly reify   'C:\\Users\\Pico\\Documents\\Projects\\archi-studio\\node_modules\\@eslint\\core'
223 silly reify ]
224 silly reify mark retired [
224 silly reify   'C:\\Users\\Pico\\Documents\\Projects\\archi-studio\\node_modules\\@eslint\\eslintrc'
224 silly reify ]
225 silly reify mark retired [
225 silly reify   'C:\\Users\\Pico\\Documents\\Projects\\archi-studio\\node_modules\\@eslint\\object-schema'
225 silly reify ]
226 silly reify mark retired [
226 silly reify   'C:\\Users\\Pico\\Documents\\Projects\\archi-studio\\node_modules\\@eslint\\plugin-kit'
226 silly reify ]
227 silly reify mark retired [
227 silly reify   'C:\\Users\\Pico\\Documents\\Projects\\archi-studio\\node_modules\\@eslint\\js'
227 silly reify ]
228 silly reify mark retired [
228 silly reify   'C:\\Users\\Pico\\Documents\\Projects\\archi-studio\\node_modules\\@formatjs\\fast-memoize'
228 silly reify ]
229 silly reify mark retired [
229 silly reify   'C:\\Users\\Pico\\Documents\\Projects\\archi-studio\\node_modules\\@formatjs\\icu-messageformat-parser'
229 silly reify ]
230 silly reify mark retired [
230 silly reify   'C:\\Users\\Pico\\Documents\\Projects\\archi-studio\\node_modules\\@formatjs\\intl-localematcher'
230 silly reify ]
231 silly reify mark retired [
231 silly reify   'C:\\Users\\Pico\\Documents\\Projects\\archi-studio\\node_modules\\@formatjs\\icu-skeleton-parser'
231 silly reify ]
232 silly reify mark retired [
232 silly reify   'C:\\Users\\Pico\\Documents\\Projects\\archi-studio\\node_modules\\@eslint-community\\eslint-utils'
232 silly reify ]
233 silly reify mark retired [
233 silly reify   'C:\\Users\\Pico\\Documents\\Projects\\archi-studio\\node_modules\\@eslint-community\\regexpp'
233 silly reify ]
234 silly reify mark retired [
234 silly reify   'C:\\Users\\Pico\\Documents\\Projects\\archi-studio\\node_modules\\@humanfs\\core'
234 silly reify ]
235 silly reify mark retired [
235 silly reify   'C:\\Users\\Pico\\Documents\\Projects\\archi-studio\\node_modules\\@humanfs\\node'
235 silly reify ]
236 silly reify mark retired [
236 silly reify   'C:\\Users\\Pico\\Documents\\Projects\\archi-studio\\node_modules\\@humanfs\\types'
236 silly reify ]
237 silly reify mark retired [
237 silly reify   'C:\\Users\\Pico\\Documents\\Projects\\archi-studio\\node_modules\\@humanwhocodes\\module-importer'
237 silly reify ]
238 silly reify mark retired [
238 silly reify   'C:\\Users\\Pico\\Documents\\Projects\\archi-studio\\node_modules\\@img\\sharp-win32-x64'
238 silly reify ]
239 silly reify mark retired [
239 silly reify   'C:\\Users\\Pico\\Documents\\Projects\\archi-studio\\node_modules\\@humanwhocodes\\retry'
239 silly reify ]
240 silly reify mark retired [
240 silly reify   'C:\\Users\\Pico\\Documents\\Projects\\archi-studio\\node_modules\\@img\\colour'
240 silly reify ]
241 silly reify mark retired [
241 silly reify   'C:\\Users\\Pico\\Documents\\Projects\\archi-studio\\node_modules\\@next\\env'
241 silly reify ]
242 silly reify mark retired [
242 silly reify   'C:\\Users\\Pico\\Documents\\Projects\\archi-studio\\node_modules\\@next\\eslint-plugin-next'
242 silly reify ]
243 silly reify mark retired [
243 silly reify   'C:\\Users\\Pico\\Documents\\Projects\\archi-studio\\node_modules\\@next\\swc-win32-x64-msvc'
243 silly reify ]
244 silly reify mark retired [
244 silly reify   'C:\\Users\\Pico\\Documents\\Projects\\archi-studio\\node_modules\\@nolyfill\\is-core-module'
244 silly reify ]
245 silly reify mark retired [
245 silly reify   'C:\\Users\\Pico\\Documents\\Projects\\archi-studio\\node_modules\\@parcel\\watcher'
245 silly reify ]
246 silly reify mark retired [
246 silly reify   'C:\\Users\\Pico\\Documents\\Projects\\archi-studio\\node_modules\\@parcel\\watcher-win32-x64'
246 silly reify ]
247 silly reify mark retired [
247 silly reify   'C:\\Users\\Pico\\Documents\\Projects\\archi-studio\\node_modules\\@radix-ui\\primitive'
247 silly reify ]
248 silly reify mark retired [
248 silly reify   'C:\\Users\\Pico\\Documents\\Projects\\archi-studio\\node_modules\\@radix-ui\\react-accordion'
248 silly reify ]
249 silly reify mark retired [
249 silly reify   'C:\\Users\\Pico\\Documents\\Projects\\archi-studio\\node_modules\\@radix-ui\\react-collapsible'
249 silly reify ]
250 silly reify mark retired [
250 silly reify   'C:\\Users\\Pico\\Documents\\Projects\\archi-studio\\node_modules\\@radix-ui\\react-collection'
250 silly reify ]
251 silly reify mark retired [
251 silly reify   'C:\\Users\\Pico\\Documents\\Projects\\archi-studio\\node_modules\\@radix-ui\\react-context'
251 silly reify ]
252 silly reify mark retired [
252 silly reify   'C:\\Users\\Pico\\Documents\\Projects\\archi-studio\\node_modules\\@radix-ui\\react-compose-refs'
252 silly reify ]
253 silly reify mark retired [
253 silly reify   'C:\\Users\\Pico\\Documents\\Projects\\archi-studio\\node_modules\\@radix-ui\\react-dialog'
253 silly reify ]
254 silly reify mark retired [
254 silly reify   'C:\\Users\\Pico\\Documents\\Projects\\archi-studio\\node_modules\\@radix-ui\\react-direction'
254 silly reify ]
255 silly reify mark retired [
255 silly reify   'C:\\Users\\Pico\\Documents\\Projects\\archi-studio\\node_modules\\@radix-ui\\react-focus-guards'
255 silly reify ]
256 silly reify mark retired [
256 silly reify   'C:\\Users\\Pico\\Documents\\Projects\\archi-studio\\node_modules\\@radix-ui\\react-dismissable-layer'
256 silly reify ]
257 silly reify mark retired [
257 silly reify   'C:\\Users\\Pico\\Documents\\Projects\\archi-studio\\node_modules\\@radix-ui\\react-focus-scope'
257 silly reify ]
258 silly reify mark retired [
258 silly reify   'C:\\Users\\Pico\\Documents\\Projects\\archi-studio\\node_modules\\@radix-ui\\react-id'
258 silly reify ]
259 silly reify mark retired [
259 silly reify   'C:\\Users\\Pico\\Documents\\Projects\\archi-studio\\node_modules\\@radix-ui\\react-portal'
259 silly reify ]
260 silly reify mark retired [
260 silly reify   'C:\\Users\\Pico\\Documents\\Projects\\archi-studio\\node_modules\\@radix-ui\\react-presence'
260 silly reify ]
261 silly reify mark retired [
261 silly reify   'C:\\Users\\Pico\\Documents\\Projects\\archi-studio\\node_modules\\@radix-ui\\react-slot'
261 silly reify ]
262 silly reify mark retired [
262 silly reify   'C:\\Users\\Pico\\Documents\\Projects\\archi-studio\\node_modules\\@radix-ui\\react-primitive'
262 silly reify ]
263 silly reify mark retired [
263 silly reify   'C:\\Users\\Pico\\Documents\\Projects\\archi-studio\\node_modules\\@radix-ui\\react-use-callback-ref'
263 silly reify ]
264 silly reify mark retired [
264 silly reify   'C:\\Users\\Pico\\Documents\\Projects\\archi-studio\\node_modules\\@radix-ui\\react-use-controllable-state'
264 silly reify ]
265 silly reify mark retired [
265 silly reify   'C:\\Users\\Pico\\Documents\\Projects\\archi-studio\\node_modules\\@radix-ui\\react-use-effect-event'
265 silly reify ]
266 silly reify mark retired [
266 silly reify   'C:\\Users\\Pico\\Documents\\Projects\\archi-studio\\node_modules\\@radix-ui\\react-use-escape-keydown'
266 silly reify ]
267 silly reify mark retired [
267 silly reify   'C:\\Users\\Pico\\Documents\\Projects\\archi-studio\\node_modules\\@radix-ui\\react-use-layout-effect'
267 silly reify ]
268 silly reify mark retired [
268 silly reify   'C:\\Users\\Pico\\Documents\\Projects\\archi-studio\\node_modules\\@rtsao\\scc'
268 silly reify ]
269 silly reify mark retired [
269 silly reify   'C:\\Users\\Pico\\Documents\\Projects\\archi-studio\\node_modules\\@schummar\\icu-type-parser'
269 silly reify ]
270 silly reify mark retired [
270 silly reify   'C:\\Users\\Pico\\Documents\\Projects\\archi-studio\\node_modules\\@swc\\core-win32-x64-msvc'
270 silly reify ]
271 silly reify mark retired [
271 silly reify   'C:\\Users\\Pico\\Documents\\Projects\\archi-studio\\node_modules\\@swc\\helpers'
271 silly reify ]
272 silly reify mark retired [
272 silly reify   'C:\\Users\\Pico\\Documents\\Projects\\archi-studio\\node_modules\\@swc\\types'
272 silly reify ]
273 silly reify mark retired [
273 silly reify   'C:\\Users\\Pico\\Documents\\Projects\\archi-studio\\node_modules\\@tailwindcss\\node'
273 silly reify ]
274 silly reify mark retired [
274 silly reify   'C:\\Users\\Pico\\Documents\\Projects\\archi-studio\\node_modules\\@tailwindcss\\oxide'
274 silly reify ]
275 silly reify mark retired [
275 silly reify   'C:\\Users\\Pico\\Documents\\Projects\\archi-studio\\node_modules\\@tailwindcss\\oxide-win32-x64-msvc'
275 silly reify ]
276 silly reify mark retired [
276 silly reify   'C:\\Users\\Pico\\Documents\\Projects\\archi-studio\\node_modules\\@tailwindcss\\postcss'
276 silly reify ]
277 silly reify mark retired [
277 silly reify   'C:\\Users\\Pico\\Documents\\Projects\\archi-studio\\node_modules\\@types\\estree'
277 silly reify ]
278 silly reify mark retired [
278 silly reify   'C:\\Users\\Pico\\Documents\\Projects\\archi-studio\\node_modules\\@types\\json5'
278 silly reify ]
279 silly reify mark retired [
279 silly reify   'C:\\Users\\Pico\\Documents\\Projects\\archi-studio\\node_modules\\@types\\node'
279 silly reify ]
280 silly reify mark retired [
280 silly reify   'C:\\Users\\Pico\\Documents\\Projects\\archi-studio\\node_modules\\@types\\react'
280 silly reify ]
281 silly reify mark retired [
281 silly reify   'C:\\Users\\Pico\\Documents\\Projects\\archi-studio\\node_modules\\@types\\react-dom'
281 silly reify ]
282 silly reify mark retired [
282 silly reify   'C:\\Users\\Pico\\Documents\\Projects\\archi-studio\\node_modules\\@types\\nodemailer'
282 silly reify ]
283 silly reify mark retired [
283 silly reify   'C:\\Users\\Pico\\Documents\\Projects\\archi-studio\\node_modules\\@types\\json-schema'
283 silly reify ]
284 silly reify mark retired [
284 silly reify   'C:\\Users\\Pico\\Documents\\Projects\\archi-studio\\node_modules\\@typescript-eslint\\eslint-plugin'
284 silly reify ]
285 silly reify mark retired [
285 silly reify   'C:\\Users\\Pico\\Documents\\Projects\\archi-studio\\node_modules\\@typescript-eslint\\parser'
285 silly reify ]
286 silly reify mark retired [
286 silly reify   'C:\\Users\\Pico\\Documents\\Projects\\archi-studio\\node_modules\\@typescript-eslint\\project-service'
286 silly reify ]
287 silly reify mark retired [
287 silly reify   'C:\\Users\\Pico\\Documents\\Projects\\archi-studio\\node_modules\\@typescript-eslint\\scope-manager'
287 silly reify ]
288 silly reify mark retired [
288 silly reify   'C:\\Users\\Pico\\Documents\\Projects\\archi-studio\\node_modules\\@typescript-eslint\\tsconfig-utils'
288 silly reify ]
289 silly reify mark retired [
289 silly reify   'C:\\Users\\Pico\\Documents\\Projects\\archi-studio\\node_modules\\@typescript-eslint\\type-utils'
289 silly reify ]
290 silly reify mark retired [
290 silly reify   'C:\\Users\\Pico\\Documents\\Projects\\archi-studio\\node_modules\\@typescript-eslint\\types'
290 silly reify ]
291 silly reify mark retired [
291 silly reify   'C:\\Users\\Pico\\Documents\\Projects\\archi-studio\\node_modules\\@typescript-eslint\\typescript-estree'
291 silly reify ]
292 silly reify mark retired [
292 silly reify   'C:\\Users\\Pico\\Documents\\Projects\\archi-studio\\node_modules\\@typescript-eslint\\utils'
292 silly reify ]
293 silly reify mark retired [
293 silly reify   'C:\\Users\\Pico\\Documents\\Projects\\archi-studio\\node_modules\\@unrs\\resolver-binding-win32-x64-msvc'
293 silly reify ]
294 silly reify mark retired [
294 silly reify   'C:\\Users\\Pico\\Documents\\Projects\\archi-studio\\node_modules\\@typescript-eslint\\visitor-keys'
294 silly reify ]
295 silly reify mark retired [
295 silly reify   'C:\\Users\\Pico\\Documents\\Projects\\archi-studio\\node_modules\\browserslist',
295 silly reify   'C:\\Users\\Pico\\Documents\\Projects\\archi-studio\\node_modules\\.bin\\browserslist',
295 silly reify   'C:\\Users\\Pico\\Documents\\Projects\\archi-studio\\node_modules\\.bin\\browserslist.cmd',
295 silly reify   'C:\\Users\\Pico\\Documents\\Projects\\archi-studio\\node_modules\\.bin\\browserslist.ps1'
295 silly reify ]
296 silly reify mark retired [
296 silly reify   'C:\\Users\\Pico\\Documents\\Projects\\archi-studio\\node_modules\\loose-envify',
296 silly reify   'C:\\Users\\Pico\\Documents\\Projects\\archi-studio\\node_modules\\.bin\\loose-envify',
296 silly reify   'C:\\Users\\Pico\\Documents\\Projects\\archi-studio\\node_modules\\.bin\\loose-envify.cmd',
296 silly reify   'C:\\Users\\Pico\\Documents\\Projects\\archi-studio\\node_modules\\.bin\\loose-envify.ps1'
296 silly reify ]
297 silly reify mark retired [
297 silly reify   'C:\\Users\\Pico\\Documents\\Projects\\archi-studio\\node_modules\\json5',
297 silly reify   'C:\\Users\\Pico\\Documents\\Projects\\archi-studio\\node_modules\\.bin\\json5',
297 silly reify   'C:\\Users\\Pico\\Documents\\Projects\\archi-studio\\node_modules\\.bin\\json5.cmd',
297 silly reify   'C:\\Users\\Pico\\Documents\\Projects\\archi-studio\\node_modules\\.bin\\json5.ps1'
297 silly reify ]
298 silly reify mark retired [
298 silly reify   'C:\\Users\\Pico\\Documents\\Projects\\archi-studio\\node_modules\\js-yaml',
298 silly reify   'C:\\Users\\Pico\\Documents\\Projects\\archi-studio\\node_modules\\.bin\\js-yaml',
298 silly reify   'C:\\Users\\Pico\\Documents\\Projects\\archi-studio\\node_modules\\.bin\\js-yaml.cmd',
298 silly reify   'C:\\Users\\Pico\\Documents\\Projects\\archi-studio\\node_modules\\.bin\\js-yaml.ps1'
298 silly reify ]
299 silly reify mark retired [
299 silly reify   'C:\\Users\\Pico\\Documents\\Projects\\archi-studio\\node_modules\\jsesc',
299 silly reify   'C:\\Users\\Pico\\Documents\\Projects\\archi-studio\\node_modules\\.bin\\jsesc',
299 silly reify   'C:\\Users\\Pico\\Documents\\Projects\\archi-studio\\node_modules\\.bin\\jsesc.cmd',
299 silly reify   'C:\\Users\\Pico\\Documents\\Projects\\archi-studio\\node_modules\\.bin\\jsesc.ps1'
299 silly reify ]
300 silly reify mark retired [
300 silly reify   'C:\\Users\\Pico\\Documents\\Projects\\archi-studio\\node_modules\\nanoid',
300 silly reify   'C:\\Users\\Pico\\Documents\\Projects\\archi-studio\\node_modules\\.bin\\nanoid',
300 silly reify   'C:\\Users\\Pico\\Documents\\Projects\\archi-studio\\node_modules\\.bin\\nanoid.cmd',
300 silly reify   'C:\\Users\\Pico\\Documents\\Projects\\archi-studio\\node_modules\\.bin\\nanoid.ps1'
300 silly reify ]
301 silly reify mark retired [
301 silly reify   'C:\\Users\\Pico\\Documents\\Projects\\archi-studio\\node_modules\\semver',
301 silly reify   'C:\\Users\\Pico\\Documents\\Projects\\archi-studio\\node_modules\\.bin\\semver',
301 silly reify   'C:\\Users\\Pico\\Documents\\Projects\\archi-studio\\node_modules\\.bin\\semver.cmd',
301 silly reify   'C:\\Users\\Pico\\Documents\\Projects\\archi-studio\\node_modules\\.bin\\semver.ps1'
301 silly reify ]
302 silly reify mark retired [
302 silly reify   'C:\\Users\\Pico\\Documents\\Projects\\archi-studio\\node_modules\\typescript',
302 silly reify   'C:\\Users\\Pico\\Documents\\Projects\\archi-studio\\node_modules\\.bin\\tsc',
302 silly reify   'C:\\Users\\Pico\\Documents\\Projects\\archi-studio\\node_modules\\.bin\\tsc.cmd',
302 silly reify   'C:\\Users\\Pico\\Documents\\Projects\\archi-studio\\node_modules\\.bin\\tsc.ps1',
302 silly reify   'C:\\Users\\Pico\\Documents\\Projects\\archi-studio\\node_modules\\.bin\\tsserver',
302 silly reify   'C:\\Users\\Pico\\Documents\\Projects\\archi-studio\\node_modules\\.bin\\tsserver.cmd',
302 silly reify   'C:\\Users\\Pico\\Documents\\Projects\\archi-studio\\node_modules\\.bin\\tsserver.ps1'
302 silly reify ]
303 silly reify mark retired [
303 silly reify   'C:\\Users\\Pico\\Documents\\Projects\\archi-studio\\node_modules\\update-browserslist-db',
303 silly reify   'C:\\Users\\Pico\\Documents\\Projects\\archi-studio\\node_modules\\.bin\\update-browserslist-db',
303 silly reify   'C:\\Users\\Pico\\Documents\\Projects\\archi-studio\\node_modules\\.bin\\update-browserslist-db.cmd',
303 silly reify   'C:\\Users\\Pico\\Documents\\Projects\\archi-studio\\node_modules\\.bin\\update-browserslist-db.ps1'
303 silly reify ]
304 silly reify mark retired [
304 silly reify   'C:\\Users\\Pico\\Documents\\Projects\\archi-studio\\node_modules\\which',
304 silly reify   'C:\\Users\\Pico\\Documents\\Projects\\archi-studio\\node_modules\\.bin\\node-which',
304 silly reify   'C:\\Users\\Pico\\Documents\\Projects\\archi-studio\\node_modules\\.bin\\node-which.cmd',
304 silly reify   'C:\\Users\\Pico\\Documents\\Projects\\archi-studio\\node_modules\\.bin\\node-which.ps1'
304 silly reify ]
305 silly reify mark retired [
305 silly reify   'C:\\Users\\Pico\\Documents\\Projects\\archi-studio\\node_modules\\@babel\\parser',
305 silly reify   'C:\\Users\\Pico\\Documents\\Projects\\archi-studio\\node_modules\\.bin\\parser',
305 silly reify   'C:\\Users\\Pico\\Documents\\Projects\\archi-studio\\node_modules\\.bin\\parser.cmd',
305 silly reify   'C:\\Users\\Pico\\Documents\\Projects\\archi-studio\\node_modules\\.bin\\parser.ps1'
305 silly reify ]
306 silly reify moves {
306 silly reify   'C:\\Users\\Pico\\Documents\\Projects\\archi-studio\\node_modules\\acorn': 'C:\\Users\\Pico\\Documents\\Projects\\archi-studio\\node_modules\\.acorn-zUhckepN',
306 silly reify   'C:\\Users\\Pico\\Documents\\Projects\\archi-studio\\node_modules\\acorn-jsx': 'C:\\Users\\Pico\\Documents\\Projects\\archi-studio\\node_modules\\.acorn-jsx-k4MPJeL7',
306 silly reify   'C:\\Users\\Pico\\Documents\\Projects\\archi-studio\\node_modules\\ajv': 'C:\\Users\\Pico\\Documents\\Projects\\archi-studio\\node_modules\\.ajv-EP1wN0yy',
306 silly reify   'C:\\Users\\Pico\\Documents\\Projects\\archi-studio\\node_modules\\aria-query': 'C:\\Users\\Pico\\Documents\\Projects\\archi-studio\\node_modules\\.aria-query-Ysnsk2uc',
306 silly reify   'C:\\Users\\Pico\\Documents\\Projects\\archi-studio\\node_modules\\array-buffer-byte-length': 'C:\\Users\\Pico\\Documents\\Projects\\archi-studio\\node_modules\\.array-buffer-byte-length-ynLAD2wj',
306 silly reify   'C:\\Users\\Pico\\Documents\\Projects\\archi-studio\\node_modules\\aria-hidden': 'C:\\Users\\Pico\\Documents\\Projects\\archi-studio\\node_modules\\.aria-hidden-lEpi2Fqs',
306 silly reify   'C:\\Users\\Pico\\Documents\\Projects\\archi-studio\\node_modules\\array-includes': 'C:\\Users\\Pico\\Documents\\Projects\\archi-studio\\node_modules\\.array-includes-mKyVjEYz',
306 silly reify   'C:\\Users\\Pico\\Documents\\Projects\\archi-studio\\node_modules\\array.prototype.findlast': 'C:\\Users\\Pico\\Documents\\Projects\\archi-studio\\node_modules\\.array.prototype.findlast-Ts7ejPYA',
306 silly reify   'C:\\Users\\Pico\\Documents\\Projects\\archi-studio\\node_modules\\array.prototype.findlastindex': 'C:\\Users\\Pico\\Documents\\Projects\\archi-studio\\node_modules\\.array.prototype.findlastindex-DvexO4d6',
306 silly reify   'C:\\Users\\Pico\\Documents\\Projects\\archi-studio\\node_modules\\array.prototype.flat': 'C:\\Users\\Pico\\Documents\\Projects\\archi-studio\\node_modules\\.array.prototype.flat-GvKRUqC8',
306 silly reify   'C:\\Users\\Pico\\Documents\\Projects\\archi-studio\\node_modules\\array.prototype.flatmap': 'C:\\Users\\Pico\\Documents\\Projects\\archi-studio\\node_modules\\.array.prototype.flatmap-mhyWDMLD',
306 silly reify   'C:\\Users\\Pico\\Documents\\Projects\\archi-studio\\node_modules\\array.prototype.tosorted': 'C:\\Users\\Pico\\Documents\\Projects\\archi-studio\\node_modules\\.array.prototype.tosorted-hzJphmhV',
306 silly reify   'C:\\Users\\Pico\\Documents\\Projects\\archi-studio\\node_modules\\arraybuffer.prototype.slice': 'C:\\Users\\Pico\\Documents\\Projects\\archi-studio\\node_modules\\.arraybuffer.prototype.slice-Bnbt7WuO',
306 silly reify   'C:\\Users\\Pico\\Documents\\Projects\\archi-studio\\node_modules\\ast-types-flow': 'C:\\Users\\Pico\\Documents\\Projects\\archi-studio\\node_modules\\.ast-types-flow-6LTbiZmf',
306 silly reify   'C:\\Users\\Pico\\Documents\\Projects\\archi-studio\\node_modules\\async-function': 'C:\\Users\\Pico\\Documents\\Projects\\archi-studio\\node_modules\\.async-function-9HdgzNUA',
306 silly reify   'C:\\Users\\Pico\\Documents\\Projects\\archi-studio\\node_modules\\available-typed-arrays': 'C:\\Users\\Pico\\Documents\\Projects\\archi-studio\\node_modules\\.available-typed-arrays-z6XWEu8G',
306 silly reify   'C:\\Users\\Pico\\Documents\\Projects\\archi-studio\\node_modules\\axe-core': 'C:\\Users\\Pico\\Documents\\Projects\\archi-studio\\node_modules\\.axe-core-43swQWdC',
306 silly reify   'C:\\Users\\Pico\\Documents\\Projects\\archi-studio\\node_modules\\axobject-query': 'C:\\Users\\Pico\\Documents\\Projects\\archi-studio\\node_modules\\.axobject-query-ZFkqGT4q',
306 silly reify   'C:\\Users\\Pico\\Documents\\Projects\\archi-studio\\node_modules\\balanced-match': 'C:\\Users\\Pico\\Documents\\Projects\\archi-studio\\node_modules\\.balanced-match-RwqR5GPZ',
306 silly reify   'C:\\Users\\Pico\\Documents\\Projects\\archi-studio\\node_modules\\baseline-browser-mapping': 'C:\\Users\\Pico\\Documents\\Projects\\archi-studio\\node_modules\\.baseline-browser-mapping-BDb8ta8d',
306 silly reify   'C:\\Users\\Pico\\Documents\\Projects\\archi-studio\\node_modules\\brace-expansion': 'C:\\Users\\Pico\\Documents\\Projects\\archi-studio\\node_modules\\.brace-expansion-lVZPqZ3c',
306 silly reify   'C:\\Users\\Pico\\Documents\\Projects\\archi-studio\\node_modules\\call-bind': 'C:\\Users\\Pico\\Documents\\Projects\\archi-studio\\node_modules\\.call-bind-RUkMU77V',
306 silly reify   'C:\\Users\\Pico\\Documents\\Projects\\archi-studio\\node_modules\\chalk': 'C:\\Users\\Pico\\Documents\\Projects\\archi-studio\\node_modules\\.chalk-sbpYD5lo',
306 silly reify   'C:\\Users\\Pico\\Documents\\Projects\\archi-studio\\node_modules\\clsx': 'C:\\Users\\Pico\\Documents\\Projects\\archi-studio\\node_modules\\.clsx-4lxjMc2S',
306 silly reify   'C:\\Users\\Pico\\Documents\\Projects\\archi-studio\\node_modules\\concat-map': 'C:\\Users\\Pico\\Documents\\Projects\\archi-studio\\node_modules\\.concat-map-423419QP',
306 silly reify   'C:\\Users\\Pico\\Documents\\Projects\\archi-studio\\node_modules\\data-view-buffer': 'C:\\Users\\Pico\\Documents\\Projects\\archi-studio\\node_modules\\.data-view-buffer-aSWBUUd5',
306 silly reify   'C:\\Users\\Pico\\Documents\\Projects\\archi-studio\\node_modules\\data-view-byte-length': 'C:\\Users\\Pico\\Documents\\Projects\\archi-studio\\node_modules\\.data-view-byte-length-ZKQChsD5',
306 silly reify   'C:\\Users\\Pico\\Documents\\Projects\\archi-studio\\node_modules\\damerau-levenshtein': 'C:\\Users\\Pico\\Documents\\Projects\\archi-studio\\node_modules\\.damerau-levenshtein-mBAva3mL',
306 silly reify   'C:\\Users\\Pico\\Documents\\Projects\\archi-studio\\node_modules\\data-view-byte-offset': 'C:\\Users\\Pico\\Documents\\Projects\\archi-studio\\node_modules\\.data-view-byte-offset-SHUX9npk',
306 silly reify   'C:\\Users\\Pico\\Documents\\Projects\\archi-studio\\node_modules\\deep-is': 'C:\\Users\\Pico\\Documents\\Projects\\archi-studio\\node_modules\\.deep-is-305qB1K5',
306 silly reify   'C:\\Users\\Pico\\Documents\\Projects\\archi-studio\\node_modules\\define-data-property': 'C:\\Users\\Pico\\Documents\\Projects\\archi-studio\\node_modules\\.define-data-property-roti30GH',
306 silly reify   'C:\\Users\\Pico\\Documents\\Projects\\archi-studio\\node_modules\\define-properties': 'C:\\Users\\Pico\\Documents\\Projects\\archi-studio\\node_modules\\.define-properties-nimknJMN',
306 silly reify   'C:\\Users\\Pico\\Documents\\Projects\\archi-studio\\node_modules\\detect-libc': 'C:\\Users\\Pico\\Documents\\Projects\\archi-studio\\node_modules\\.detect-libc-yccclg3b',
306 silly reify   'C:\\Users\\Pico\\Documents\\Projects\\archi-studio\\node_modules\\detect-node-es': 'C:\\Users\\Pico\\Documents\\Projects\\archi-studio\\node_modules\\.detect-node-es-RrSLnVXY',
306 silly reify   'C:\\Users\\Pico\\Documents\\Projects\\archi-studio\\node_modules\\doctrine': 'C:\\Users\\Pico\\Documents\\Projects\\archi-studio\\node_modules\\.doctrine-9IRgWtND',
306 silly reify   'C:\\Users\\Pico\\Documents\\Projects\\archi-studio\\node_modules\\electron-to-chromium': 'C:\\Users\\Pico\\Documents\\Projects\\archi-studio\\node_modules\\.electron-to-chromium-qvgLrxxH',
306 silly reify   'C:\\Users\\Pico\\Documents\\Projects\\archi-studio\\node_modules\\enhanced-resolve': 'C:\\Users\\Pico\\Documents\\Projects\\archi-studio\\node_modules\\.enhanced-resolve-YkujZViB',
306 silly reify   'C:\\Users\\Pico\\Documents\\Projects\\archi-studio\\node_modules\\es-abstract': 'C:\\Users\\Pico\\Documents\\Projects\\archi-studio\\node_modules\\.es-abstract-Fs3vOgoE',
306 silly reify   'C:\\Users\\Pico\\Documents\\Projects\\archi-studio\\node_modules\\emoji-regex': 'C:\\Users\\Pico\\Documents\\Projects\\archi-studio\\node_modules\\.emoji-regex-3jdHVSKo',
306 silly reify   'C:\\Users\\Pico\\Documents\\Projects\\archi-studio\\node_modules\\es-iterator-helpers': 'C:\\Users\\Pico\\Documents\\Projects\\archi-studio\\node_modules\\.es-iterator-helpers-oaGkF7HL',
306 silly reify   'C:\\Users\\Pico\\Documents\\Projects\\archi-studio\\node_modules\\es-set-tostringtag': 'C:\\Users\\Pico\\Documents\\Projects\\archi-studio\\node_modules\\.es-set-tostringtag-AuDJwrnm',
306 silly reify   'C:\\Users\\Pico\\Documents\\Projects\\archi-studio\\node_modules\\es-shim-unscopables': 'C:\\Users\\Pico\\Documents\\Projects\\archi-studio\\node_modules\\.es-shim-unscopables-SokzbUzX',
306 silly reify   'C:\\Users\\Pico\\Documents\\Projects\\archi-studio\\node_modules\\es-to-primitive': 'C:\\Users\\Pico\\Documents\\Projects\\archi-studio\\node_modules\\.es-to-primitive-3kcbR383',
306 silly reify   'C:\\Users\\Pico\\Documents\\Projects\\archi-studio\\node_modules\\escape-string-regexp': 'C:\\Users\\Pico\\Documents\\Projects\\archi-studio\\node_modules\\.escape-string-regexp-XK98G84n',
306 silly reify   'C:\\Users\\Pico\\Documents\\Projects\\archi-studio\\node_modules\\eslint': 'C:\\Users\\Pico\\Documents\\Projects\\archi-studio\\node_modules\\.eslint-Zcur4qQ7',
306 silly reify   'C:\\Users\\Pico\\Documents\\Projects\\archi-studio\\node_modules\\eslint-config-next': 'C:\\Users\\Pico\\Documents\\Projects\\archi-studio\\node_modules\\.eslint-config-next-SNZjMV3J',
306 silly reify   'C:\\Users\\Pico\\Documents\\Projects\\archi-studio\\node_modules\\eslint-import-resolver-node': 'C:\\Users\\Pico\\Documents\\Projects\\archi-studio\\node_modules\\.eslint-import-resolver-node-3kxceYWV',
306 silly reify   'C:\\Users\\Pico\\Documents\\Projects\\archi-studio\\node_modules\\eslint-import-resolver-typescript': 'C:\\Users\\Pico\\Documents\\Projects\\archi-studio\\node_modules\\.eslint-import-resolver-typescript-VUZjucmy',
306 silly reify   'C:\\Users\\Pico\\Documents\\Projects\\archi-studio\\node_modules\\eslint-module-utils': 'C:\\Users\\Pico\\Documents\\Projects\\archi-studio\\node_modules\\.eslint-module-utils-JURwHkp8',
306 silly reify   'C:\\Users\\Pico\\Documents\\Projects\\archi-studio\\node_modules\\eslint-plugin-import': 'C:\\Users\\Pico\\Documents\\Projects\\archi-studio\\node_modules\\.eslint-plugin-import-h436Im4D',
306 silly reify   'C:\\Users\\Pico\\Documents\\Projects\\archi-studio\\node_modules\\eslint-plugin-jsx-a11y': 'C:\\Users\\Pico\\Documents\\Projects\\archi-studio\\node_modules\\.eslint-plugin-jsx-a11y-9XSbCeql',
306 silly reify   'C:\\Users\\Pico\\Documents\\Projects\\archi-studio\\node_modules\\eslint-plugin-react': 'C:\\Users\\Pico\\Documents\\Projects\\archi-studio\\node_modules\\.eslint-plugin-react-VXToTUSO',
306 silly reify   'C:\\Users\\Pico\\Documents\\Projects\\archi-studio\\node_modules\\eslint-plugin-react-hooks': 'C:\\Users\\Pico\\Documents\\Projects\\archi-studio\\node_modules\\.eslint-plugin-react-hooks-hTIlRgth',
306 silly reify   'C:\\Users\\Pico\\Documents\\Projects\\archi-studio\\node_modules\\eslint-scope': 'C:\\Users\\Pico\\Documents\\Projects\\archi-studio\\node_modules\\.eslint-scope-2ZG9zkiT',
306 silly reify   'C:\\Users\\Pico\\Documents\\Projects\\archi-studio\\node_modules\\eslint-visitor-keys': 'C:\\Users\\Pico\\Documents\\Projects\\archi-studio\\node_modules\\.eslint-visitor-keys-W4JYN9t0',
306 silly reify   'C:\\Users\\Pico\\Documents\\Projects\\archi-studio\\node_modules\\espree': 'C:\\Users\\Pico\\Documents\\Projects\\archi-studio\\node_modules\\.espree-FvS0wdZr',
306 silly reify   'C:\\Users\\Pico\\Documents\\Projects\\archi-studio\\node_modules\\esrecurse': 'C:\\Users\\Pico\\Documents\\Projects\\archi-studio\\node_modules\\.esrecurse-niZQaxaG',
306 silly reify   'C:\\Users\\Pico\\Documents\\Projects\\archi-studio\\node_modules\\esquery': 'C:\\Users\\Pico\\Documents\\Projects\\archi-studio\\node_modules\\.esquery-G1UpA0X7',
306 silly reify   'C:\\Users\\Pico\\Documents\\Projects\\archi-studio\\node_modules\\fast-glob': 'C:\\Users\\Pico\\Documents\\Projects\\archi-studio\\node_modules\\.fast-glob-rRhi9xq4',
306 silly reify   'C:\\Users\\Pico\\Documents\\Projects\\archi-studio\\node_modules\\fast-json-stable-stringify': 'C:\\Users\\Pico\\Documents\\Projects\\archi-studio\\node_modules\\.fast-json-stable-stringify-TA8Zog7O',
306 silly reify   'C:\\Users\\Pico\\Documents\\Projects\\archi-studio\\node_modules\\fast-levenshtein': 'C:\\Users\\Pico\\Documents\\Projects\\archi-studio\\node_modules\\.fast-levenshtein-em95iede',
306 silly reify   'C:\\Users\\Pico\\Documents\\Projects\\archi-studio\\node_modules\\file-entry-cache': 'C:\\Users\\Pico\\Documents\\Projects\\archi-studio\\node_modules\\.file-entry-cache-FkCoL7IX',
306 silly reify   'C:\\Users\\Pico\\Documents\\Projects\\archi-studio\\node_modules\\find-up': 'C:\\Users\\Pico\\Documents\\Projects\\archi-studio\\node_modules\\.find-up-jBWGDvPt',
306 silly reify   'C:\\Users\\Pico\\Documents\\Projects\\archi-studio\\node_modules\\flat-cache': 'C:\\Users\\Pico\\Documents\\Projects\\archi-studio\\node_modules\\.flat-cache-D5JjoKt5',
306 silly reify   'C:\\Users\\Pico\\Documents\\Projects\\archi-studio\\node_modules\\flatted': 'C:\\Users\\Pico\\Documents\\Projects\\archi-studio\\node_modules\\.flatted-yAcBa3va',
306 silly reify   'C:\\Users\\Pico\\Documents\\Projects\\archi-studio\\node_modules\\framer-motion': 'C:\\Users\\Pico\\Documents\\Projects\\archi-studio\\node_modules\\.framer-motion-9M8xdsnv',
306 silly reify   'C:\\Users\\Pico\\Documents\\Projects\\archi-studio\\node_modules\\for-each': 'C:\\Users\\Pico\\Documents\\Projects\\archi-studio\\node_modules\\.for-each-ZSEdUFUx',
306 silly reify   'C:\\Users\\Pico\\Documents\\Projects\\archi-studio\\node_modules\\function.prototype.name': 'C:\\Users\\Pico\\Documents\\Projects\\archi-studio\\node_modules\\.function.prototype.name-ulz17Hk6',
306 silly reify   'C:\\Users\\Pico\\Documents\\Projects\\archi-studio\\node_modules\\functions-have-names': 'C:\\Users\\Pico\\Documents\\Projects\\archi-studio\\node_modules\\.functions-have-names-nme0FYem',
306 silly reify   'C:\\Users\\Pico\\Documents\\Projects\\archi-studio\\node_modules\\generator-function': 'C:\\Users\\Pico\\Documents\\Projects\\archi-studio\\node_modules\\.generator-function-f3cjovD0',
306 silly reify   'C:\\Users\\Pico\\Documents\\Projects\\archi-studio\\node_modules\\get-symbol-description': 'C:\\Users\\Pico\\Documents\\Projects\\archi-studio\\node_modules\\.get-symbol-description-mpNTJdiZ',
306 silly reify   'C:\\Users\\Pico\\Documents\\Projects\\archi-studio\\node_modules\\get-tsconfig': 'C:\\Users\\Pico\\Documents\\Projects\\archi-studio\\node_modules\\.get-tsconfig-oXIrdL1M',
306 silly reify   'C:\\Users\\Pico\\Documents\\Projects\\archi-studio\\node_modules\\get-nonce': 'C:\\Users\\Pico\\Documents\\Projects\\archi-studio\\node_modules\\.get-nonce-it16KXFq',
306 silly reify   'C:\\Users\\Pico\\Documents\\Projects\\archi-studio\\node_modules\\globalthis': 'C:\\Users\\Pico\\Documents\\Projects\\archi-studio\\node_modules\\.globalthis-3DnqxnGS',
306 silly reify   'C:\\Users\\Pico\\Documents\\Projects\\archi-studio\\node_modules\\has-bigints': 'C:\\Users\\Pico\\Documents\\Projects\\archi-studio\\node_modules\\.has-bigints-9NxwN4ol',
306 silly reify   'C:\\Users\\Pico\\Documents\\Projects\\archi-studio\\node_modules\\has-flag': 'C:\\Users\\Pico\\Documents\\Projects\\archi-studio\\node_modules\\.has-flag-VqjTH0G7',
306 silly reify   'C:\\Users\\Pico\\Documents\\Projects\\archi-studio\\node_modules\\globals': 'C:\\Users\\Pico\\Documents\\Projects\\archi-studio\\node_modules\\.globals-z3cYgjnU',
306 silly reify   'C:\\Users\\Pico\\Documents\\Projects\\archi-studio\\node_modules\\has-property-descriptors': 'C:\\Users\\Pico\\Documents\\Projects\\archi-studio\\node_modules\\.has-property-descriptors-FS22G0MB',
306 silly reify   'C:\\Users\\Pico\\Documents\\Projects\\archi-studio\\node_modules\\has-proto': 'C:\\Users\\Pico\\Documents\\Projects\\archi-studio\\node_modules\\.has-proto-Do83tgNy',
306 silly reify   'C:\\Users\\Pico\\Documents\\Projects\\archi-studio\\node_modules\\has-tostringtag': 'C:\\Users\\Pico\\Documents\\Projects\\archi-studio\\node_modules\\.has-tostringtag-XycDl7Qc',
306 silly reify   'C:\\Users\\Pico\\Documents\\Projects\\archi-studio\\node_modules\\hermes-estree': 'C:\\Users\\Pico\\Documents\\Projects\\archi-studio\\node_modules\\.hermes-estree-shS0LW9W',
306 silly reify   'C:\\Users\\Pico\\Documents\\Projects\\archi-studio\\node_modules\\hermes-parser': 'C:\\Users\\Pico\\Documents\\Projects\\archi-studio\\node_modules\\.hermes-parser-5usv1JRQ',
306 silly reify   'C:\\Users\\Pico\\Documents\\Projects\\archi-studio\\node_modules\\icu-minify': 'C:\\Users\\Pico\\Documents\\Projects\\archi-studio\\node_modules\\.icu-minify-moWOdX0z',
306 silly reify   'C:\\Users\\Pico\\Documents\\Projects\\archi-studio\\node_modules\\imurmurhash': 'C:\\Users\\Pico\\Documents\\Projects\\archi-studio\\node_modules\\.imurmurhash-7hrdn94D',
306 silly reify   'C:\\Users\\Pico\\Documents\\Projects\\archi-studio\\node_modules\\internal-slot': 'C:\\Users\\Pico\\Documents\\Projects\\archi-studio\\node_modules\\.internal-slot-F5EoBYUu',
306 silly reify   'C:\\Users\\Pico\\Documents\\Projects\\archi-studio\\node_modules\\intl-messageformat': 'C:\\Users\\Pico\\Documents\\Projects\\archi-studio\\node_modules\\.intl-messageformat-5pYk9NFJ',
306 silly reify   'C:\\Users\\Pico\\Documents\\Projects\\archi-studio\\node_modules\\is-array-buffer': 'C:\\Users\\Pico\\Documents\\Projects\\archi-studio\\node_modules\\.is-array-buffer-urkyrbiQ',
306 silly reify   'C:\\Users\\Pico\\Documents\\Projects\\archi-studio\\node_modules\\is-async-function': 'C:\\Users\\Pico\\Documents\\Projects\\archi-studio\\node_modules\\.is-async-function-GeW30b7q',
306 silly reify   'C:\\Users\\Pico\\Documents\\Projects\\archi-studio\\node_modules\\is-bigint': 'C:\\Users\\Pico\\Documents\\Projects\\archi-studio\\node_modules\\.is-bigint-kx4Mu4Y2',
306 silly reify   'C:\\Users\\Pico\\Documents\\Projects\\archi-studio\\node_modules\\is-boolean-object': 'C:\\Users\\Pico\\Documents\\Projects\\archi-studio\\node_modules\\.is-boolean-object-owEpRUGg',
306 silly reify   'C:\\Users\\Pico\\Documents\\Projects\\archi-studio\\node_modules\\is-bun-module': 'C:\\Users\\Pico\\Documents\\Projects\\archi-studio\\node_modules\\.is-bun-module-ly1qd8ye',
306 silly reify   'C:\\Users\\Pico\\Documents\\Projects\\archi-studio\\node_modules\\is-callable': 'C:\\Users\\Pico\\Documents\\Projects\\archi-studio\\node_modules\\.is-callable-ez7vTQnq',
306 silly reify   'C:\\Users\\Pico\\Documents\\Projects\\archi-studio\\node_modules\\is-data-view': 'C:\\Users\\Pico\\Documents\\Projects\\archi-studio\\node_modules\\.is-data-view-qyQKAQHP',
306 silly reify   'C:\\Users\\Pico\\Documents\\Projects\\archi-studio\\node_modules\\is-date-object': 'C:\\Users\\Pico\\Documents\\Projects\\archi-studio\\node_modules\\.is-date-object-Y5CAuWJo',
306 silly reify   'C:\\Users\\Pico\\Documents\\Projects\\archi-studio\\node_modules\\is-finalizationregistry': 'C:\\Users\\Pico\\Documents\\Projects\\archi-studio\\node_modules\\.is-finalizationregistry-AVQ9KIRZ',
306 silly reify   'C:\\Users\\Pico\\Documents\\Projects\\archi-studio\\node_modules\\is-generator-function': 'C:\\Users\\Pico\\Documents\\Projects\\archi-studio\\node_modules\\.is-generator-function-nF7ZRQ0Z',
306 silly reify   'C:\\Users\\Pico\\Documents\\Projects\\archi-studio\\node_modules\\is-map': 'C:\\Users\\Pico\\Documents\\Projects\\archi-studio\\node_modules\\.is-map-1Z8x3SBR',
306 silly reify   'C:\\Users\\Pico\\Documents\\Projects\\archi-studio\\node_modules\\is-negative-zero': 'C:\\Users\\Pico\\Documents\\Projects\\archi-studio\\node_modules\\.is-negative-zero-jK6aX0Hm',
306 silly reify   'C:\\Users\\Pico\\Documents\\Projects\\archi-studio\\node_modules\\is-number-object': 'C:\\Users\\Pico\\Documents\\Projects\\archi-studio\\node_modules\\.is-number-object-0jlsFEUU',
306 silly reify   'C:\\Users\\Pico\\Documents\\Projects\\archi-studio\\node_modules\\is-regex': 'C:\\Users\\Pico\\Documents\\Projects\\archi-studio\\node_modules\\.is-regex-aSGQLAAP',
306 silly reify   'C:\\Users\\Pico\\Documents\\Projects\\archi-studio\\node_modules\\is-set': 'C:\\Users\\Pico\\Documents\\Projects\\archi-studio\\node_modules\\.is-set-NqNEPzei',
306 silly reify   'C:\\Users\\Pico\\Documents\\Projects\\archi-studio\\node_modules\\is-shared-array-buffer': 'C:\\Users\\Pico\\Documents\\Projects\\archi-studio\\node_modules\\.is-shared-array-buffer-GXOOKXH1',
306 silly reify   'C:\\Users\\Pico\\Documents\\Projects\\archi-studio\\node_modules\\is-string': 'C:\\Users\\Pico\\Documents\\Projects\\archi-studio\\node_modules\\.is-string-MIRhAfeI',
306 silly reify   'C:\\Users\\Pico\\Documents\\Projects\\archi-studio\\node_modules\\is-symbol': 'C:\\Users\\Pico\\Documents\\Projects\\archi-studio\\node_modules\\.is-symbol-TQOdsYOw',
306 silly reify   'C:\\Users\\Pico\\Documents\\Projects\\archi-studio\\node_modules\\is-typed-array': 'C:\\Users\\Pico\\Documents\\Projects\\archi-studio\\node_modules\\.is-typed-array-FeR4tNmf',
306 silly reify   'C:\\Users\\Pico\\Documents\\Projects\\archi-studio\\node_modules\\is-weakmap': 'C:\\Users\\Pico\\Documents\\Projects\\archi-studio\\node_modules\\.is-weakmap-irjuhd8x',
306 silly reify   'C:\\Users\\Pico\\Documents\\Projects\\archi-studio\\node_modules\\is-weakref': 'C:\\Users\\Pico\\Documents\\Projects\\archi-studio\\node_modules\\.is-weakref-b7DSKtE8',
306 silly reify   'C:\\Users\\Pico\\Documents\\Projects\\archi-studio\\node_modules\\is-weakset': 'C:\\Users\\Pico\\Documents\\Projects\\archi-studio\\node_modules\\.is-weakset-6xeH9I3a',
306 silly reify   'C:\\Users\\Pico\\Documents\\Projects\\archi-studio\\node_modules\\isarray': 'C:\\Users\\Pico\\Documents\\Projects\\archi-studio\\node_modules\\.isarray-woLdcRKh',
306 silly reify   'C:\\Users\\Pico\\Documents\\Projects\\archi-studio\\node_modules\\iterator.prototype': 'C:\\Users\\Pico\\Documents\\Projects\\archi-studio\\node_modules\\.iterator.prototype-AgEhB9VA',
306 silly reify   'C:\\Users\\Pico\\Documents\\Projects\\archi-studio\\node_modules\\jiti': 'C:\\Users\\Pico\\Documents\\Projects\\archi-studio\\node_modules\\.jiti-TmayhsbH',
306 silly reify   'C:\\Users\\Pico\\Documents\\Projects\\archi-studio\\node_modules\\json-buffer': 'C:\\Users\\Pico\\Documents\\Projects\\archi-studio\\node_modules\\.json-buffer-ZWtUhBGn',
306 silly reify   'C:\\Users\\Pico\\Documents\\Projects\\archi-studio\\node_modules\\json-stable-stringify-without-jsonify': 'C:\\Users\\Pico\\Documents\\Projects\\archi-studio\\node_modules\\.json-stable-stringify-without-jsonify-mAjncblr',
306 silly reify   'C:\\Users\\Pico\\Documents\\Projects\\archi-studio\\node_modules\\jsx-ast-utils': 'C:\\Users\\Pico\\Documents\\Projects\\archi-studio\\node_modules\\.jsx-ast-utils-22rFnoQJ',
306 silly reify   'C:\\Users\\Pico\\Documents\\Projects\\archi-studio\\node_modules\\keyv': 'C:\\Users\\Pico\\Documents\\Projects\\archi-studio\\node_modules\\.keyv-UYtS190P',
306 silly reify   'C:\\Users\\Pico\\Documents\\Projects\\archi-studio\\node_modules\\json-schema-traverse': 'C:\\Users\\Pico\\Documents\\Projects\\archi-studio\\node_modules\\.json-schema-traverse-aJfg7hKL',
306 silly reify   'C:\\Users\\Pico\\Documents\\Projects\\archi-studio\\node_modules\\language-subtag-registry': 'C:\\Users\\Pico\\Documents\\Projects\\archi-studio\\node_modules\\.language-subtag-registry-sPvmiWxP',
306 silly reify   'C:\\Users\\Pico\\Documents\\Projects\\archi-studio\\node_modules\\language-tags': 'C:\\Users\\Pico\\Documents\\Projects\\archi-studio\\node_modules\\.language-tags-JSmqSUbz',
306 silly reify   'C:\\Users\\Pico\\Documents\\Projects\\archi-studio\\node_modules\\levn': 'C:\\Users\\Pico\\Documents\\Projects\\archi-studio\\node_modules\\.levn-WapvXSWZ',
306 silly reify   'C:\\Users\\Pico\\Documents\\Projects\\archi-studio\\node_modules\\lightningcss': 'C:\\Users\\Pico\\Documents\\Projects\\archi-studio\\node_modules\\.lightningcss-NME00gzU',
306 silly reify   'C:\\Users\\Pico\\Documents\\Projects\\archi-studio\\node_modules\\lightningcss-win32-x64-msvc': 'C:\\Users\\Pico\\Documents\\Projects\\archi-studio\\node_modules\\.lightningcss-win32-x64-msvc-SCWUpKlu',
306 silly reify   'C:\\Users\\Pico\\Documents\\Projects\\archi-studio\\node_modules\\locate-path': 'C:\\Users\\Pico\\Documents\\Projects\\archi-studio\\node_modules\\.locate-path-1pqltIlY',
306 silly reify   'C:\\Users\\Pico\\Documents\\Projects\\archi-studio\\node_modules\\lodash.merge': 'C:\\Users\\Pico\\Documents\\Projects\\archi-studio\\node_modules\\.lodash.merge-ISiXKdmG',
306 silly reify   'C:\\Users\\Pico\\Documents\\Projects\\archi-studio\\node_modules\\lucide-react': 'C:\\Users\\Pico\\Documents\\Projects\\archi-studio\\node_modules\\.lucide-react-CfOqa4wv',
306 silly reify   'C:\\Users\\Pico\\Documents\\Projects\\archi-studio\\node_modules\\magic-string': 'C:\\Users\\Pico\\Documents\\Projects\\archi-studio\\node_modules\\.magic-string-OxLhZeC9',
306 silly reify   'C:\\Users\\Pico\\Documents\\Projects\\archi-studio\\node_modules\\minimatch': 'C:\\Users\\Pico\\Documents\\Projects\\archi-studio\\node_modules\\.minimatch-arj8Llia',
306 silly reify   'C:\\Users\\Pico\\Documents\\Projects\\archi-studio\\node_modules\\motion-dom': 'C:\\Users\\Pico\\Documents\\Projects\\archi-studio\\node_modules\\.motion-dom-KFeusDS4',
306 silly reify   'C:\\Users\\Pico\\Documents\\Projects\\archi-studio\\node_modules\\motion-utils': 'C:\\Users\\Pico\\Documents\\Projects\\archi-studio\\node_modules\\.motion-utils-8ucDAgWe',
306 silly reify   'C:\\Users\\Pico\\Documents\\Projects\\archi-studio\\node_modules\\napi-postinstall': 'C:\\Users\\Pico\\Documents\\Projects\\archi-studio\\node_modules\\.napi-postinstall-xNcetkqI',
306 silly reify   'C:\\Users\\Pico\\Documents\\Projects\\archi-studio\\node_modules\\natural-compare': 'C:\\Users\\Pico\\Documents\\Projects\\archi-studio\\node_modules\\.natural-compare-SsowQJkF',
306 silly reify   'C:\\Users\\Pico\\Documents\\Projects\\archi-studio\\node_modules\\next': 'C:\\Users\\Pico\\Documents\\Projects\\archi-studio\\node_modules\\.next-ZnpzUMWa',
306 silly reify   'C:\\Users\\Pico\\Documents\\Projects\\archi-studio\\node_modules\\next-intl': 'C:\\Users\\Pico\\Documents\\Projects\\archi-studio\\node_modules\\.next-intl-ytAtWSAr',
306 silly reify   'C:\\Users\\Pico\\Documents\\Projects\\archi-studio\\node_modules\\next-intl-swc-plugin-extractor': 'C:\\Users\\Pico\\Documents\\Projects\\archi-studio\\node_modules\\.next-intl-swc-plugin-extractor-NjWbQTSL',
306 silly reify   'C:\\Users\\Pico\\Documents\\Projects\\archi-studio\\node_modules\\node-addon-api': 'C:\\Users\\Pico\\Documents\\Projects\\archi-studio\\node_modules\\.node-addon-api-9AyDshrH',
306 silly reify   'C:\\Users\\Pico\\Documents\\Projects\\archi-studio\\node_modules\\node-exports-info': 'C:\\Users\\Pico\\Documents\\Projects\\archi-studio\\node_modules\\.node-exports-info-vfmCSbBJ',
306 silly reify   'C:\\Users\\Pico\\Documents\\Projects\\archi-studio\\node_modules\\nodemailer': 'C:\\Users\\Pico\\Documents\\Projects\\archi-studio\\node_modules\\.nodemailer-3hxTqCRv',
306 silly reify   'C:\\Users\\Pico\\Documents\\Projects\\archi-studio\\node_modules\\object-keys': 'C:\\Users\\Pico\\Documents\\Projects\\archi-studio\\node_modules\\.object-keys-fXA0asC3',
306 silly reify   'C:\\Users\\Pico\\Documents\\Projects\\archi-studio\\node_modules\\object.assign': 'C:\\Users\\Pico\\Documents\\Projects\\archi-studio\\node_modules\\.object.assign-mBSKWTQN',
306 silly reify   'C:\\Users\\Pico\\Documents\\Projects\\archi-studio\\node_modules\\object.entries': 'C:\\Users\\Pico\\Documents\\Projects\\archi-studio\\node_modules\\.object.entries-gudkktvf',
306 silly reify   'C:\\Users\\Pico\\Documents\\Projects\\archi-studio\\node_modules\\object.fromentries': 'C:\\Users\\Pico\\Documents\\Projects\\archi-studio\\node_modules\\.object.fromentries-BkoS8Dgf',
306 silly reify   'C:\\Users\\Pico\\Documents\\Projects\\archi-studio\\node_modules\\object.groupby': 'C:\\Users\\Pico\\Documents\\Projects\\archi-studio\\node_modules\\.object.groupby-2i5ZGUxo',
306 silly reify   'C:\\Users\\Pico\\Documents\\Projects\\archi-studio\\node_modules\\object.values': 'C:\\Users\\Pico\\Documents\\Projects\\archi-studio\\node_modules\\.object.values-2EyKcIN3',
306 silly reify   'C:\\Users\\Pico\\Documents\\Projects\\archi-studio\\node_modules\\optionator': 'C:\\Users\\Pico\\Documents\\Projects\\archi-studio\\node_modules\\.optionator-ECLXqqI5',
306 silly reify   'C:\\Users\\Pico\\Documents\\Projects\\archi-studio\\node_modules\\own-keys': 'C:\\Users\\Pico\\Documents\\Projects\\archi-studio\\node_modules\\.own-keys-Er2MdgsH',
306 silly reify   'C:\\Users\\Pico\\Documents\\Projects\\archi-studio\\node_modules\\p-limit': 'C:\\Users\\Pico\\Documents\\Projects\\archi-studio\\node_modules\\.p-limit-kOkJ5xf5',
306 silly reify   'C:\\Users\\Pico\\Documents\\Projects\\archi-studio\\node_modules\\p-locate': 'C:\\Users\\Pico\\Documents\\Projects\\archi-studio\\node_modules\\.p-locate-rb3Irnaq',
306 silly reify   'C:\\Users\\Pico\\Documents\\Projects\\archi-studio\\node_modules\\path-exists': 'C:\\Users\\Pico\\Documents\\Projects\\archi-studio\\node_modules\\.path-exists-bqffH6jS',
306 silly reify   'C:\\Users\\Pico\\Documents\\Projects\\archi-studio\\node_modules\\possible-typed-array-names': 'C:\\Users\\Pico\\Documents\\Projects\\archi-studio\\node_modules\\.possible-typed-array-names-v6YuZtir',
306 silly reify   'C:\\Users\\Pico\\Documents\\Projects\\archi-studio\\node_modules\\prelude-ls': 'C:\\Users\\Pico\\Documents\\Projects\\archi-studio\\node_modules\\.prelude-ls-Ub5Ez6PU',
306 silly reify   'C:\\Users\\Pico\\Documents\\Projects\\archi-studio\\node_modules\\po-parser': 'C:\\Users\\Pico\\Documents\\Projects\\archi-studio\\node_modules\\.po-parser-khwO9hgp',
306 silly reify   'C:\\Users\\Pico\\Documents\\Projects\\archi-studio\\node_modules\\prop-types': 'C:\\Users\\Pico\\Documents\\Projects\\archi-studio\\node_modules\\.prop-types-0m5bQiMU',
306 silly reify   'C:\\Users\\Pico\\Documents\\Projects\\archi-studio\\node_modules\\punycode': 'C:\\Users\\Pico\\Documents\\Projects\\archi-studio\\node_modules\\.punycode-RJyopaO1',
306 silly reify   'C:\\Users\\Pico\\Documents\\Projects\\archi-studio\\node_modules\\react': 'C:\\Users\\Pico\\Documents\\Projects\\archi-studio\\node_modules\\.react-5ZO8AZEW',
306 silly reify   'C:\\Users\\Pico\\Documents\\Projects\\archi-studio\\node_modules\\react-dom': 'C:\\Users\\Pico\\Documents\\Projects\\archi-studio\\node_modules\\.react-dom-8gQSHvfS',
306 silly reify   'C:\\Users\\Pico\\Documents\\Projects\\archi-studio\\node_modules\\react-is': 'C:\\Users\\Pico\\Documents\\Projects\\archi-studio\\node_modules\\.react-is-ZkvuajTO',
306 silly reify   'C:\\Users\\Pico\\Documents\\Projects\\archi-studio\\node_modules\\react-remove-scroll': 'C:\\Users\\Pico\\Documents\\Projects\\archi-studio\\node_modules\\.react-remove-scroll-9QmqFI8E',
306 silly reify   'C:\\Users\\Pico\\Documents\\Projects\\archi-studio\\node_modules\\react-remove-scroll-bar': 'C:\\Users\\Pico\\Documents\\Projects\\archi-studio\\node_modules\\.react-remove-scroll-bar-QelMLuFw',
306 silly reify   'C:\\Users\\Pico\\Documents\\Projects\\archi-studio\\node_modules\\react-style-singleton': 'C:\\Users\\Pico\\Documents\\Projects\\archi-studio\\node_modules\\.react-style-singleton-lolZTW2X',
306 silly reify   'C:\\Users\\Pico\\Documents\\Projects\\archi-studio\\node_modules\\reflect.getprototypeof': 'C:\\Users\\Pico\\Documents\\Projects\\archi-studio\\node_modules\\.reflect.getprototypeof-gUvi96Ni',
306 silly reify   'C:\\Users\\Pico\\Documents\\Projects\\archi-studio\\node_modules\\regexp.prototype.flags': 'C:\\Users\\Pico\\Documents\\Projects\\archi-studio\\node_modules\\.regexp.prototype.flags-tT5iUkwh',
306 silly reify   'C:\\Users\\Pico\\Documents\\Projects\\archi-studio\\node_modules\\resolve': 'C:\\Users\\Pico\\Documents\\Projects\\archi-studio\\node_modules\\.resolve-8PY18K2z',
306 silly reify   'C:\\Users\\Pico\\Documents\\Projects\\archi-studio\\node_modules\\resolve-pkg-maps': 'C:\\Users\\Pico\\Documents\\Projects\\archi-studio\\node_modules\\.resolve-pkg-maps-YeMFwgTP',
306 silly reify   'C:\\Users\\Pico\\Documents\\Projects\\archi-studio\\node_modules\\safe-array-concat': 'C:\\Users\\Pico\\Documents\\Projects\\archi-studio\\node_modules\\.safe-array-concat-fvoCapm1',
306 silly reify   'C:\\Users\\Pico\\Documents\\Projects\\archi-studio\\node_modules\\safe-push-apply': 'C:\\Users\\Pico\\Documents\\Projects\\archi-studio\\node_modules\\.safe-push-apply-vNh4HomB',
306 silly reify   'C:\\Users\\Pico\\Documents\\Projects\\archi-studio\\node_modules\\safe-regex-test': 'C:\\Users\\Pico\\Documents\\Projects\\archi-studio\\node_modules\\.safe-regex-test-JMmRZwn8',
306 silly reify   'C:\\Users\\Pico\\Documents\\Projects\\archi-studio\\node_modules\\scheduler': 'C:\\Users\\Pico\\Documents\\Projects\\archi-studio\\node_modules\\.scheduler-85VVIah1',
306 silly reify   'C:\\Users\\Pico\\Documents\\Projects\\archi-studio\\node_modules\\set-function-length': 'C:\\Users\\Pico\\Documents\\Projects\\archi-studio\\node_modules\\.set-function-length-3TmZwxu3',
306 silly reify   'C:\\Users\\Pico\\Documents\\Projects\\archi-studio\\node_modules\\set-function-name': 'C:\\Users\\Pico\\Documents\\Projects\\archi-studio\\node_modules\\.set-function-name-qSUDXC06',
306 silly reify   'C:\\Users\\Pico\\Documents\\Projects\\archi-studio\\node_modules\\set-proto': 'C:\\Users\\Pico\\Documents\\Projects\\archi-studio\\node_modules\\.set-proto-Pq3nXVrQ',
306 silly reify   'C:\\Users\\Pico\\Documents\\Projects\\archi-studio\\node_modules\\sharp': 'C:\\Users\\Pico\\Documents\\Projects\\archi-studio\\node_modules\\.sharp-UgYVHPFh',
306 silly reify   'C:\\Users\\Pico\\Documents\\Projects\\archi-studio\\node_modules\\stable-hash': 'C:\\Users\\Pico\\Documents\\Projects\\archi-studio\\node_modules\\.stable-hash-lyFz3Gwo',
306 silly reify   'C:\\Users\\Pico\\Documents\\Projects\\archi-studio\\node_modules\\stop-iteration-iterator': 'C:\\Users\\Pico\\Documents\\Projects\\archi-studio\\node_modules\\.stop-iteration-iterator-TPZTPkAI',
306 silly reify   'C:\\Users\\Pico\\Documents\\Projects\\archi-studio\\node_modules\\string.prototype.includes': 'C:\\Users\\Pico\\Documents\\Projects\\archi-studio\\node_modules\\.string.prototype.includes-lA6pWiJr',
306 silly reify   'C:\\Users\\Pico\\Documents\\Projects\\archi-studio\\node_modules\\string.prototype.matchall': 'C:\\Users\\Pico\\Documents\\Projects\\archi-studio\\node_modules\\.string.prototype.matchall-lIImPmWZ',
306 silly reify   'C:\\Users\\Pico\\Documents\\Projects\\archi-studio\\node_modules\\string.prototype.repeat': 'C:\\Users\\Pico\\Documents\\Projects\\archi-studio\\node_modules\\.string.prototype.repeat-0llqFbxz',
306 silly reify   'C:\\Users\\Pico\\Documents\\Projects\\archi-studio\\node_modules\\string.prototype.trim': 'C:\\Users\\Pico\\Documents\\Projects\\archi-studio\\node_modules\\.string.prototype.trim-X4MQdL5j',
306 silly reify   'C:\\Users\\Pico\\Documents\\Projects\\archi-studio\\node_modules\\string.prototype.trimend': 'C:\\Users\\Pico\\Documents\\Projects\\archi-studio\\node_modules\\.string.prototype.trimend-exbn2Xy0',
306 silly reify   'C:\\Users\\Pico\\Documents\\Projects\\archi-studio\\node_modules\\string.prototype.trimstart': 'C:\\Users\\Pico\\Documents\\Projects\\archi-studio\\node_modules\\.string.prototype.trimstart-xCTNtuyH',
306 silly reify   'C:\\Users\\Pico\\Documents\\Projects\\archi-studio\\node_modules\\strip-json-comments': 'C:\\Users\\Pico\\Documents\\Projects\\archi-studio\\node_modules\\.strip-json-comments-V5Q6XJBh',
306 silly reify   'C:\\Users\\Pico\\Documents\\Projects\\archi-studio\\node_modules\\supports-color': 'C:\\Users\\Pico\\Documents\\Projects\\archi-studio\\node_modules\\.supports-color-AkI8KiWg',
306 silly reify   'C:\\Users\\Pico\\Documents\\Projects\\archi-studio\\node_modules\\styled-jsx': 'C:\\Users\\Pico\\Documents\\Projects\\archi-studio\\node_modules\\.styled-jsx-J2nocS6l',
306 silly reify   'C:\\Users\\Pico\\Documents\\Projects\\archi-studio\\node_modules\\tailwind-merge': 'C:\\Users\\Pico\\Documents\\Projects\\archi-studio\\node_modules\\.tailwind-merge-GqukL5eh',
306 silly reify   'C:\\Users\\Pico\\Documents\\Projects\\archi-studio\\node_modules\\tailwindcss': 'C:\\Users\\Pico\\Documents\\Projects\\archi-studio\\node_modules\\.tailwindcss-5AiIaA7i',
306 silly reify   'C:\\Users\\Pico\\Documents\\Projects\\archi-studio\\node_modules\\tapable': 'C:\\Users\\Pico\\Documents\\Projects\\archi-studio\\node_modules\\.tapable-sc1lfmyW',
306 silly reify   'C:\\Users\\Pico\\Documents\\Projects\\archi-studio\\node_modules\\ts-api-utils': 'C:\\Users\\Pico\\Documents\\Projects\\archi-studio\\node_modules\\.ts-api-utils-96QtpOwq',
306 silly reify   'C:\\Users\\Pico\\Documents\\Projects\\archi-studio\\node_modules\\tsconfig-paths': 'C:\\Users\\Pico\\Documents\\Projects\\archi-studio\\node_modules\\.tsconfig-paths-X3cEcU4K',
306 silly reify   'C:\\Users\\Pico\\Documents\\Projects\\archi-studio\\node_modules\\type-check': 'C:\\Users\\Pico\\Documents\\Projects\\archi-studio\\node_modules\\.type-check-a5MjEuwo',
306 silly reify   'C:\\Users\\Pico\\Documents\\Projects\\archi-studio\\node_modules\\typed-array-buffer': 'C:\\Users\\Pico\\Documents\\Projects\\archi-studio\\node_modules\\.typed-array-buffer-RoADEr3F',
306 silly reify   'C:\\Users\\Pico\\Documents\\Projects\\archi-studio\\node_modules\\typed-array-byte-length': 'C:\\Users\\Pico\\Documents\\Projects\\archi-studio\\node_modules\\.typed-array-byte-length-PbQndfQJ',
306 silly reify   'C:\\Users\\Pico\\Documents\\Projects\\archi-studio\\node_modules\\typed-array-byte-offset': 'C:\\Users\\Pico\\Documents\\Projects\\archi-studio\\node_modules\\.typed-array-byte-offset-vRKzDSGx',
306 silly reify   'C:\\Users\\Pico\\Documents\\Projects\\archi-studio\\node_modules\\typed-array-length': 'C:\\Users\\Pico\\Documents\\Projects\\archi-studio\\node_modules\\.typed-array-length-fNI5sNok',
306 silly reify   'C:\\Users\\Pico\\Documents\\Projects\\archi-studio\\node_modules\\typescript-eslint': 'C:\\Users\\Pico\\Documents\\Projects\\archi-studio\\node_modules\\.typescript-eslint-ebInUgZA',
306 silly reify   'C:\\Users\\Pico\\Documents\\Projects\\archi-studio\\node_modules\\unbox-primitive': 'C:\\Users\\Pico\\Documents\\Projects\\archi-studio\\node_modules\\.unbox-primitive-ryjXX7b3',
306 silly reify   'C:\\Users\\Pico\\Documents\\Projects\\archi-studio\\node_modules\\unrs-resolver': 'C:\\Users\\Pico\\Documents\\Projects\\archi-studio\\node_modules\\.unrs-resolver-o41MyGOF',
306 silly reify   'C:\\Users\\Pico\\Documents\\Projects\\archi-studio\\node_modules\\uri-js': 'C:\\Users\\Pico\\Documents\\Projects\\archi-studio\\node_modules\\.uri-js-rmK1yC3J',
306 silly reify   'C:\\Users\\Pico\\Documents\\Projects\\archi-studio\\node_modules\\use-callback-ref': 'C:\\Users\\Pico\\Documents\\Projects\\archi-studio\\node_modules\\.use-callback-ref-dxnuDayt',
306 silly reify   'C:\\Users\\Pico\\Documents\\Projects\\archi-studio\\node_modules\\use-intl': 'C:\\Users\\Pico\\Documents\\Projects\\archi-studio\\node_modules\\.use-intl-hqrxuhZw',
306 silly reify   'C:\\Users\\Pico\\Documents\\Projects\\archi-studio\\node_modules\\use-sidecar': 'C:\\Users\\Pico\\Documents\\Projects\\archi-studio\\node_modules\\.use-sidecar-sswtqiuE',
306 silly reify   'C:\\Users\\Pico\\Documents\\Projects\\archi-studio\\node_modules\\which-boxed-primitive': 'C:\\Users\\Pico\\Documents\\Projects\\archi-studio\\node_modules\\.which-boxed-primitive-uF3psHrc',
306 silly reify   'C:\\Users\\Pico\\Documents\\Projects\\archi-studio\\node_modules\\which-builtin-type': 'C:\\Users\\Pico\\Documents\\Projects\\archi-studio\\node_modules\\.which-builtin-type-1LbkmtLD',
306 silly reify   'C:\\Users\\Pico\\Documents\\Projects\\archi-studio\\node_modules\\which-collection': 'C:\\Users\\Pico\\Documents\\Projects\\archi-studio\\node_modules\\.which-collection-E7eyOken',
306 silly reify   'C:\\Users\\Pico\\Documents\\Projects\\archi-studio\\node_modules\\which-typed-array': 'C:\\Users\\Pico\\Documents\\Projects\\archi-studio\\node_modules\\.which-typed-array-br3eNwA5',
306 silly reify   'C:\\Users\\Pico\\Documents\\Projects\\archi-studio\\node_modules\\word-wrap': 'C:\\Users\\Pico\\Documents\\Projects\\archi-studio\\node_modules\\.word-wrap-xdOJF0Yl',
306 silly reify   'C:\\Users\\Pico\\Documents\\Projects\\archi-studio\\node_modules\\yocto-queue': 'C:\\Users\\Pico\\Documents\\Projects\\archi-studio\\node_modules\\.yocto-queue-TiWWXldM',
306 silly reify   'C:\\Users\\Pico\\Documents\\Projects\\archi-studio\\node_modules\\zod': 'C:\\Users\\Pico\\Documents\\Projects\\archi-studio\\node_modules\\.zod-80ATDi6J',
306 silly reify   'C:\\Users\\Pico\\Documents\\Projects\\archi-studio\\node_modules\\zod-validation-error': 'C:\\Users\\Pico\\Documents\\Projects\\archi-studio\\node_modules\\.zod-validation-error-6z0z65to',
306 silly reify   'C:\\Users\\Pico\\Documents\\Projects\\archi-studio\\node_modules\\@eslint\\config-helpers': 'C:\\Users\\Pico\\Documents\\Projects\\archi-studio\\node_modules\\@eslint\\.config-helpers-TPpKeJNm',
306 silly reify   'C:\\Users\\Pico\\Documents\\Projects\\archi-studio\\node_modules\\@eslint\\config-array': 'C:\\Users\\Pico\\Documents\\Projects\\archi-studio\\node_modules\\@eslint\\.config-array-VHvOxsDQ',
306 silly reify   'C:\\Users\\Pico\\Documents\\Projects\\archi-studio\\node_modules\\@eslint\\core': 'C:\\Users\\Pico\\Documents\\Projects\\archi-studio\\node_modules\\@eslint\\.core-et4DcNXO',
306 silly reify   'C:\\Users\\Pico\\Documents\\Projects\\archi-studio\\node_modules\\@eslint\\eslintrc': 'C:\\Users\\Pico\\Documents\\Projects\\archi-studio\\node_modules\\@eslint\\.eslintrc-wqYo7MMy',
306 silly reify   'C:\\Users\\Pico\\Documents\\Projects\\archi-studio\\node_modules\\@eslint\\object-schema': 'C:\\Users\\Pico\\Documents\\Projects\\archi-studio\\node_modules\\@eslint\\.object-schema-9aDBrhS3',
306 silly reify   'C:\\Users\\Pico\\Documents\\Projects\\archi-studio\\node_modules\\@eslint\\plugin-kit': 'C:\\Users\\Pico\\Documents\\Projects\\archi-studio\\node_modules\\@eslint\\.plugin-kit-bYHUJQbO',
306 silly reify   'C:\\Users\\Pico\\Documents\\Projects\\archi-studio\\node_modules\\@eslint\\js': 'C:\\Users\\Pico\\Documents\\Projects\\archi-studio\\node_modules\\@eslint\\.js-6rE5CZoc',
306 silly reify   'C:\\Users\\Pico\\Documents\\Projects\\archi-studio\\node_modules\\@formatjs\\fast-memoize': 'C:\\Users\\Pico\\Documents\\Projects\\archi-studio\\node_modules\\@formatjs\\.fast-memoize-7LMgKBzL',
306 silly reify   'C:\\Users\\Pico\\Documents\\Projects\\archi-studio\\node_modules\\@formatjs\\icu-messageformat-parser': 'C:\\Users\\Pico\\Documents\\Projects\\archi-studio\\node_modules\\@formatjs\\.icu-messageformat-parser-JQiIgQtw',
306 silly reify   'C:\\Users\\Pico\\Documents\\Projects\\archi-studio\\node_modules\\@formatjs\\intl-localematcher': 'C:\\Users\\Pico\\Documents\\Projects\\archi-studio\\node_modules\\@formatjs\\.intl-localematcher-5YjqdpwE',
306 silly reify   'C:\\Users\\Pico\\Documents\\Projects\\archi-studio\\node_modules\\@formatjs\\icu-skeleton-parser': 'C:\\Users\\Pico\\Documents\\Projects\\archi-studio\\node_modules\\@formatjs\\.icu-skeleton-parser-j14wxHkF',
306 silly reify   'C:\\Users\\Pico\\Documents\\Projects\\archi-studio\\node_modules\\@eslint-community\\eslint-utils': 'C:\\Users\\Pico\\Documents\\Projects\\archi-studio\\node_modules\\@eslint-community\\.eslint-utils-WKmqmhhj',
306 silly reify   'C:\\Users\\Pico\\Documents\\Projects\\archi-studio\\node_modules\\@eslint-community\\regexpp': 'C:\\Users\\Pico\\Documents\\Projects\\archi-studio\\node_modules\\@eslint-community\\.regexpp-kIx6nlVV',
306 silly reify   'C:\\Users\\Pico\\Documents\\Projects\\archi-studio\\node_modules\\@humanfs\\core': 'C:\\Users\\Pico\\Documents\\Projects\\archi-studio\\node_modules\\@humanfs\\.core-1XA5kmMg',
306 silly reify   'C:\\Users\\Pico\\Documents\\Projects\\archi-studio\\node_modules\\@humanfs\\node': 'C:\\Users\\Pico\\Documents\\Projects\\archi-studio\\node_modules\\@humanfs\\.node-LOrVa084',
306 silly reify   'C:\\Users\\Pico\\Documents\\Projects\\archi-studio\\node_modules\\@humanfs\\types': 'C:\\Users\\Pico\\Documents\\Projects\\archi-studio\\node_modules\\@humanfs\\.types-cBaaEvk4',
306 silly reify   'C:\\Users\\Pico\\Documents\\Projects\\archi-studio\\node_modules\\@humanwhocodes\\module-importer': 'C:\\Users\\Pico\\Documents\\Projects\\archi-studio\\node_modules\\@humanwhocodes\\.module-importer-0ev9koaK',
306 silly reify   'C:\\Users\\Pico\\Documents\\Projects\\archi-studio\\node_modules\\@img\\sharp-win32-x64': 'C:\\Users\\Pico\\Documents\\Projects\\archi-studio\\node_modules\\@img\\.sharp-win32-x64-yagVmRsL',
306 silly reify   'C:\\Users\\Pico\\Documents\\Projects\\archi-studio\\node_modules\\@humanwhocodes\\retry': 'C:\\Users\\Pico\\Documents\\Projects\\archi-studio\\node_modules\\@humanwhocodes\\.retry-DyGJpxq7',
306 silly reify   'C:\\Users\\Pico\\Documents\\Projects\\archi-studio\\node_modules\\@img\\colour': 'C:\\Users\\Pico\\Documents\\Projects\\archi-studio\\node_modules\\@img\\.colour-dayLJCla',
306 silly reify   'C:\\Users\\Pico\\Documents\\Projects\\archi-studio\\node_modules\\@next\\env': 'C:\\Users\\Pico\\Documents\\Projects\\archi-studio\\node_modules\\@next\\.env-7onpdiJt',
306 silly reify   'C:\\Users\\Pico\\Documents\\Projects\\archi-studio\\node_modules\\@next\\eslint-plugin-next': 'C:\\Users\\Pico\\Documents\\Projects\\archi-studio\\node_modules\\@next\\.eslint-plugin-next-Y5ilctH8',
306 silly reify   'C:\\Users\\Pico\\Documents\\Projects\\archi-studio\\node_modules\\@next\\swc-win32-x64-msvc': 'C:\\Users\\Pico\\Documents\\Projects\\archi-studio\\node_modules\\@next\\.swc-win32-x64-msvc-wxOoJmJp',
306 silly reify   'C:\\Users\\Pico\\Documents\\Projects\\archi-studio\\node_modules\\@nolyfill\\is-core-module': 'C:\\Users\\Pico\\Documents\\Projects\\archi-studio\\node_modules\\@nolyfill\\.is-core-module-NiozVcdg',
306 silly reify   'C:\\Users\\Pico\\Documents\\Projects\\archi-studio\\node_modules\\@parcel\\watcher': 'C:\\Users\\Pico\\Documents\\Projects\\archi-studio\\node_modules\\@parcel\\.watcher-tCxacuSP',
306 silly reify   'C:\\Users\\Pico\\Documents\\Projects\\archi-studio\\node_modules\\@parcel\\watcher-win32-x64': 'C:\\Users\\Pico\\Documents\\Projects\\archi-studio\\node_modules\\@parcel\\.watcher-win32-x64-TJcsrL9V',
306 silly reify   'C:\\Users\\Pico\\Documents\\Projects\\archi-studio\\node_modules\\@radix-ui\\primitive': 'C:\\Users\\Pico\\Documents\\Projects\\archi-studio\\node_modules\\@radix-ui\\.primitive-7YPWWdU1',
306 silly reify   'C:\\Users\\Pico\\Documents\\Projects\\archi-studio\\node_modules\\@radix-ui\\react-accordion': 'C:\\Users\\Pico\\Documents\\Projects\\archi-studio\\node_modules\\@radix-ui\\.react-accordion-cvlPB8eK',
306 silly reify   'C:\\Users\\Pico\\Documents\\Projects\\archi-studio\\node_modules\\@radix-ui\\react-collapsible': 'C:\\Users\\Pico\\Documents\\Projects\\archi-studio\\node_modules\\@radix-ui\\.react-collapsible-7C6k0CSH',
306 silly reify   'C:\\Users\\Pico\\Documents\\Projects\\archi-studio\\node_modules\\@radix-ui\\react-collection': 'C:\\Users\\Pico\\Documents\\Projects\\archi-studio\\node_modules\\@radix-ui\\.react-collection-KekZhHji',
306 silly reify   'C:\\Users\\Pico\\Documents\\Projects\\archi-studio\\node_modules\\@radix-ui\\react-context': 'C:\\Users\\Pico\\Documents\\Projects\\archi-studio\\node_modules\\@radix-ui\\.react-context-kZYbWA5W',
306 silly reify   'C:\\Users\\Pico\\Documents\\Projects\\archi-studio\\node_modules\\@radix-ui\\react-compose-refs': 'C:\\Users\\Pico\\Documents\\Projects\\archi-studio\\node_modules\\@radix-ui\\.react-compose-refs-7apm0r14',
306 silly reify   'C:\\Users\\Pico\\Documents\\Projects\\archi-studio\\node_modules\\@radix-ui\\react-dialog': 'C:\\Users\\Pico\\Documents\\Projects\\archi-studio\\node_modules\\@radix-ui\\.react-dialog-gFIiIVkv',
306 silly reify   'C:\\Users\\Pico\\Documents\\Projects\\archi-studio\\node_modules\\@radix-ui\\react-direction': 'C:\\Users\\Pico\\Documents\\Projects\\archi-studio\\node_modules\\@radix-ui\\.react-direction-s0YAdEGn',
306 silly reify   'C:\\Users\\Pico\\Documents\\Projects\\archi-studio\\node_modules\\@radix-ui\\react-focus-guards': 'C:\\Users\\Pico\\Documents\\Projects\\archi-studio\\node_modules\\@radix-ui\\.react-focus-guards-iuGHDYDY',
306 silly reify   'C:\\Users\\Pico\\Documents\\Projects\\archi-studio\\node_modules\\@radix-ui\\react-dismissable-layer': 'C:\\Users\\Pico\\Documents\\Projects\\archi-studio\\node_modules\\@radix-ui\\.react-dismissable-layer-5irE7uU8',
306 silly reify   'C:\\Users\\Pico\\Documents\\Projects\\archi-studio\\node_modules\\@radix-ui\\react-focus-scope': 'C:\\Users\\Pico\\Documents\\Projects\\archi-studio\\node_modules\\@radix-ui\\.react-focus-scope-lemiGoxo',
306 silly reify   'C:\\Users\\Pico\\Documents\\Projects\\archi-studio\\node_modules\\@radix-ui\\react-id': 'C:\\Users\\Pico\\Documents\\Projects\\archi-studio\\node_modules\\@radix-ui\\.react-id-juBGjHuw',
306 silly reify   'C:\\Users\\Pico\\Documents\\Projects\\archi-studio\\node_modules\\@radix-ui\\react-portal': 'C:\\Users\\Pico\\Documents\\Projects\\archi-studio\\node_modules\\@radix-ui\\.react-portal-8Qpj9PwP',
306 silly reify   'C:\\Users\\Pico\\Documents\\Projects\\archi-studio\\node_modules\\@radix-ui\\react-presence': 'C:\\Users\\Pico\\Documents\\Projects\\archi-studio\\node_modules\\@radix-ui\\.react-presence-hZxs8iFm',
306 silly reify   'C:\\Users\\Pico\\Documents\\Projects\\archi-studio\\node_modules\\@radix-ui\\react-slot': 'C:\\Users\\Pico\\Documents\\Projects\\archi-studio\\node_modules\\@radix-ui\\.react-slot-CxMQI2QT',
306 silly reify   'C:\\Users\\Pico\\Documents\\Projects\\archi-studio\\node_modules\\@radix-ui\\react-primitive': 'C:\\Users\\Pico\\Documents\\Projects\\archi-studio\\node_modules\\@radix-ui\\.react-primitive-kvV7fNUw',
306 silly reify   'C:\\Users\\Pico\\Documents\\Projects\\archi-studio\\node_modules\\@radix-ui\\react-use-callback-ref': 'C:\\Users\\Pico\\Documents\\Projects\\archi-studio\\node_modules\\@radix-ui\\.react-use-callback-ref-iOUzvog6',
306 silly reify   'C:\\Users\\Pico\\Documents\\Projects\\archi-studio\\node_modules\\@radix-ui\\react-use-controllable-state': 'C:\\Users\\Pico\\Documents\\Projects\\archi-studio\\node_modules\\@radix-ui\\.react-use-controllable-state-F9vDxHTz',
306 silly reify   'C:\\Users\\Pico\\Documents\\Projects\\archi-studio\\node_modules\\@radix-ui\\react-use-effect-event': 'C:\\Users\\Pico\\Documents\\Projects\\archi-studio\\node_modules\\@radix-ui\\.react-use-effect-event-Lv7ds1Co',
306 silly reify   'C:\\Users\\Pico\\Documents\\Projects\\archi-studio\\node_modules\\@radix-ui\\react-use-escape-keydown': 'C:\\Users\\Pico\\Documents\\Projects\\archi-studio\\node_modules\\@radix-ui\\.react-use-escape-keydown-IHMxWzQV',
306 silly reify   'C:\\Users\\Pico\\Documents\\Projects\\archi-studio\\node_modules\\@radix-ui\\react-use-layout-effect': 'C:\\Users\\Pico\\Documents\\Projects\\archi-studio\\node_modules\\@radix-ui\\.react-use-layout-effect-AYRXjZv8',
306 silly reify   'C:\\Users\\Pico\\Documents\\Projects\\archi-studio\\node_modules\\@rtsao\\scc': 'C:\\Users\\Pico\\Documents\\Projects\\archi-studio\\node_modules\\@rtsao\\.scc-D1j1gg3B',
306 silly reify   'C:\\Users\\Pico\\Documents\\Projects\\archi-studio\\node_modules\\@schummar\\icu-type-parser': 'C:\\Users\\Pico\\Documents\\Projects\\archi-studio\\node_modules\\@schummar\\.icu-type-parser-6Lfmc5Qu',
306 silly reify   'C:\\Users\\Pico\\Documents\\Projects\\archi-studio\\node_modules\\@swc\\core-win32-x64-msvc': 'C:\\Users\\Pico\\Documents\\Projects\\archi-studio\\node_modules\\@swc\\.core-win32-x64-msvc-33O77eN1',
306 silly reify   'C:\\Users\\Pico\\Documents\\Projects\\archi-studio\\node_modules\\@swc\\helpers': 'C:\\Users\\Pico\\Documents\\Projects\\archi-studio\\node_modules\\@swc\\.helpers-H6apgpSk',
306 silly reify   'C:\\Users\\Pico\\Documents\\Projects\\archi-studio\\node_modules\\@swc\\types': 'C:\\Users\\Pico\\Documents\\Projects\\archi-studio\\node_modules\\@swc\\.types-l2NcqgF0',
306 silly reify   'C:\\Users\\Pico\\Documents\\Projects\\archi-studio\\node_modules\\@tailwindcss\\node': 'C:\\Users\\Pico\\Documents\\Projects\\archi-studio\\node_modules\\@tailwindcss\\.node-uAYu0LyX',
306 silly reify   'C:\\Users\\Pico\\Documents\\Projects\\archi-studio\\node_modules\\@tailwindcss\\oxide': 'C:\\Users\\Pico\\Documents\\Projects\\archi-studio\\node_modules\\@tailwindcss\\.oxide-UQSw3OOf',
306 silly reify   'C:\\Users\\Pico\\Documents\\Projects\\archi-studio\\node_modules\\@tailwindcss\\oxide-win32-x64-msvc': 'C:\\Users\\Pico\\Documents\\Projects\\archi-studio\\node_modules\\@tailwindcss\\.oxide-win32-x64-msvc-OiEuLzVw',
306 silly reify   'C:\\Users\\Pico\\Documents\\Projects\\archi-studio\\node_modules\\@tailwindcss\\postcss': 'C:\\Users\\Pico\\Documents\\Projects\\archi-studio\\node_modules\\@tailwindcss\\.postcss-4dxH6uEG',
306 silly reify   'C:\\Users\\Pico\\Documents\\Projects\\archi-studio\\node_modules\\@types\\estree': 'C:\\Users\\Pico\\Documents\\Projects\\archi-studio\\node_modules\\@types\\.estree-uzzD3vfS',
306 silly reify   'C:\\Users\\Pico\\Documents\\Projects\\archi-studio\\node_modules\\@types\\json5': 'C:\\Users\\Pico\\Documents\\Projects\\archi-studio\\node_modules\\@types\\.json5-viDrvc6L',
306 silly reify   'C:\\Users\\Pico\\Documents\\Projects\\archi-studio\\node_modules\\@types\\node': 'C:\\Users\\Pico\\Documents\\Projects\\archi-studio\\node_modules\\@types\\.node-YgHrSbXM',
306 silly reify   'C:\\Users\\Pico\\Documents\\Projects\\archi-studio\\node_modules\\@types\\react': 'C:\\Users\\Pico\\Documents\\Projects\\archi-studio\\node_modules\\@types\\.react-BkflalK8',
306 silly reify   'C:\\Users\\Pico\\Documents\\Projects\\archi-studio\\node_modules\\@types\\react-dom': 'C:\\Users\\Pico\\Documents\\Projects\\archi-studio\\node_modules\\@types\\.react-dom-VYSiJSfq',
306 silly reify   'C:\\Users\\Pico\\Documents\\Projects\\archi-studio\\node_modules\\@types\\nodemailer': 'C:\\Users\\Pico\\Documents\\Projects\\archi-studio\\node_modules\\@types\\.nodemailer-NEZOTmbr',
306 silly reify   'C:\\Users\\Pico\\Documents\\Projects\\archi-studio\\node_modules\\@types\\json-schema': 'C:\\Users\\Pico\\Documents\\Projects\\archi-studio\\node_modules\\@types\\.json-schema-YjIpl0ue',
306 silly reify   'C:\\Users\\Pico\\Documents\\Projects\\archi-studio\\node_modules\\@typescript-eslint\\eslint-plugin': 'C:\\Users\\Pico\\Documents\\Projects\\archi-studio\\node_modules\\@typescript-eslint\\.eslint-plugin-J4FM9CPA',
306 silly reify   'C:\\Users\\Pico\\Documents\\Projects\\archi-studio\\node_modules\\@typescript-eslint\\parser': 'C:\\Users\\Pico\\Documents\\Projects\\archi-studio\\node_modules\\@typescript-eslint\\.parser-Qct37sDy',
306 silly reify   'C:\\Users\\Pico\\Documents\\Projects\\archi-studio\\node_modules\\@typescript-eslint\\project-service': 'C:\\Users\\Pico\\Documents\\Projects\\archi-studio\\node_modules\\@typescript-eslint\\.project-service-MG5qe79A',
306 silly reify   'C:\\Users\\Pico\\Documents\\Projects\\archi-studio\\node_modules\\@typescript-eslint\\scope-manager': 'C:\\Users\\Pico\\Documents\\Projects\\archi-studio\\node_modules\\@typescript-eslint\\.scope-manager-c5ZjyT87',
306 silly reify   'C:\\Users\\Pico\\Documents\\Projects\\archi-studio\\node_modules\\@typescript-eslint\\tsconfig-utils': 'C:\\Users\\Pico\\Documents\\Projects\\archi-studio\\node_modules\\@typescript-eslint\\.tsconfig-utils-LaP0hQGj',
306 silly reify   'C:\\Users\\Pico\\Documents\\Projects\\archi-studio\\node_modules\\@typescript-eslint\\type-utils': 'C:\\Users\\Pico\\Documents\\Projects\\archi-studio\\node_modules\\@typescript-eslint\\.type-utils-Wsvjf6DQ',
306 silly reify   'C:\\Users\\Pico\\Documents\\Projects\\archi-studio\\node_modules\\@typescript-eslint\\types': 'C:\\Users\\Pico\\Documents\\Projects\\archi-studio\\node_modules\\@typescript-eslint\\.types-FVA3HcjA',
306 silly reify   'C:\\Users\\Pico\\Documents\\Projects\\archi-studio\\node_modules\\@typescript-eslint\\typescript-estree': 'C:\\Users\\Pico\\Documents\\Projects\\archi-studio\\node_modules\\@typescript-eslint\\.typescript-estree-buPSAywW',
306 silly reify   'C:\\Users\\Pico\\Documents\\Projects\\archi-studio\\node_modules\\@typescript-eslint\\utils': 'C:\\Users\\Pico\\Documents\\Projects\\archi-studio\\node_modules\\@typescript-eslint\\.utils-wSUoPAvd',
306 silly reify   'C:\\Users\\Pico\\Documents\\Projects\\archi-studio\\node_modules\\@unrs\\resolver-binding-win32-x64-msvc': 'C:\\Users\\Pico\\Documents\\Projects\\archi-studio\\node_modules\\@unrs\\.resolver-binding-win32-x64-msvc-nYBlXE6A',
306 silly reify   'C:\\Users\\Pico\\Documents\\Projects\\archi-studio\\node_modules\\@typescript-eslint\\visitor-keys': 'C:\\Users\\Pico\\Documents\\Projects\\archi-studio\\node_modules\\@typescript-eslint\\.visitor-keys-qK0sFkWK',
306 silly reify   'C:\\Users\\Pico\\Documents\\Projects\\archi-studio\\node_modules\\browserslist': 'C:\\Users\\Pico\\Documents\\Projects\\archi-studio\\node_modules\\.browserslist-TFlTZwN0',
306 silly reify   'C:\\Users\\Pico\\Documents\\Projects\\archi-studio\\node_modules\\.bin\\browserslist': 'C:\\Users\\Pico\\Documents\\Projects\\archi-studio\\node_modules\\.bin\\.browserslist-YA2owEzw',
306 silly reify   'C:\\Users\\Pico\\Documents\\Projects\\archi-studio\\node_modules\\.bin\\browserslist.cmd': 'C:\\Users\\Pico\\Documents\\Projects\\archi-studio\\node_modules\\.bin\\.browserslist.cmd-qId20cSE',
306 silly reify   'C:\\Users\\Pico\\Documents\\Projects\\archi-studio\\node_modules\\.bin\\browserslist.ps1': 'C:\\Users\\Pico\\Documents\\Projects\\archi-studio\\node_modules\\.bin\\.browserslist.ps1-efR8EWhF',
306 silly reify   'C:\\Users\\Pico\\Documents\\Projects\\archi-studio\\node_modules\\loose-envify': 'C:\\Users\\Pico\\Documents\\Projects\\archi-studio\\node_modules\\.loose-envify-CkG8EMoD',
306 silly reify   'C:\\Users\\Pico\\Documents\\Projects\\archi-studio\\node_modules\\.bin\\loose-envify': 'C:\\Users\\Pico\\Documents\\Projects\\archi-studio\\node_modules\\.bin\\.loose-envify-8M8iKkSl',
306 silly reify   'C:\\Users\\Pico\\Documents\\Projects\\archi-studio\\node_modules\\.bin\\loose-envify.cmd': 'C:\\Users\\Pico\\Documents\\Projects\\archi-studio\\node_modules\\.bin\\.loose-envify.cmd-POWDkKXz',
306 silly reify   'C:\\Users\\Pico\\Documents\\Projects\\archi-studio\\node_modules\\.bin\\loose-envify.ps1': 'C:\\Users\\Pico\\Documents\\Projects\\archi-studio\\node_modules\\.bin\\.loose-envify.ps1-TzogLv8o',
306 silly reify   'C:\\Users\\Pico\\Documents\\Projects\\archi-studio\\node_modules\\json5': 'C:\\Users\\Pico\\Documents\\Projects\\archi-studio\\node_modules\\.json5-81pVMmov',
306 silly reify   'C:\\Users\\Pico\\Documents\\Projects\\archi-studio\\node_modules\\.bin\\json5': 'C:\\Users\\Pico\\Documents\\Projects\\archi-studio\\node_modules\\.bin\\.json5-ENxmRS7b',
306 silly reify   'C:\\Users\\Pico\\Documents\\Projects\\archi-studio\\node_modules\\.bin\\json5.cmd': 'C:\\Users\\Pico\\Documents\\Projects\\archi-studio\\node_modules\\.bin\\.json5.cmd-A18aIX32',
306 silly reify   'C:\\Users\\Pico\\Documents\\Projects\\archi-studio\\node_modules\\.bin\\json5.ps1': 'C:\\Users\\Pico\\Documents\\Projects\\archi-studio\\node_modules\\.bin\\.json5.ps1-nrOLR3oS',
306 silly reify   'C:\\Users\\Pico\\Documents\\Projects\\archi-studio\\node_modules\\js-yaml': 'C:\\Users\\Pico\\Documents\\Projects\\archi-studio\\node_modules\\.js-yaml-uMcpNg0F',
306 silly reify   'C:\\Users\\Pico\\Documents\\Projects\\archi-studio\\node_modules\\.bin\\js-yaml': 'C:\\Users\\Pico\\Documents\\Projects\\archi-studio\\node_modules\\.bin\\.js-yaml-3mJ3TblB',
306 silly reify   'C:\\Users\\Pico\\Documents\\Projects\\archi-studio\\node_modules\\.bin\\js-yaml.cmd': 'C:\\Users\\Pico\\Documents\\Projects\\archi-studio\\node_modules\\.bin\\.js-yaml.cmd-asVROgBm',
306 silly reify   'C:\\Users\\Pico\\Documents\\Projects\\archi-studio\\node_modules\\.bin\\js-yaml.ps1': 'C:\\Users\\Pico\\Documents\\Projects\\archi-studio\\node_modules\\.bin\\.js-yaml.ps1-K3n2l09R',
306 silly reify   'C:\\Users\\Pico\\Documents\\Projects\\archi-studio\\node_modules\\jsesc': 'C:\\Users\\Pico\\Documents\\Projects\\archi-studio\\node_modules\\.jsesc-4qYLky4U',
306 silly reify   'C:\\Users\\Pico\\Documents\\Projects\\archi-studio\\node_modules\\.bin\\jsesc': 'C:\\Users\\Pico\\Documents\\Projects\\archi-studio\\node_modules\\.bin\\.jsesc-OKtyut0L',
306 silly reify   'C:\\Users\\Pico\\Documents\\Projects\\archi-studio\\node_modules\\.bin\\jsesc.cmd': 'C:\\Users\\Pico\\Documents\\Projects\\archi-studio\\node_modules\\.bin\\.jsesc.cmd-29GTKeuu',
306 silly reify   'C:\\Users\\Pico\\Documents\\Projects\\archi-studio\\node_modules\\.bin\\jsesc.ps1': 'C:\\Users\\Pico\\Documents\\Projects\\archi-studio\\node_modules\\.bin\\.jsesc.ps1-Nc7QR32m',
306 silly reify   'C:\\Users\\Pico\\Documents\\Projects\\archi-studio\\node_modules\\nanoid': 'C:\\Users\\Pico\\Documents\\Projects\\archi-studio\\node_modules\\.nanoid-Ktek522q',
306 silly reify   'C:\\Users\\Pico\\Documents\\Projects\\archi-studio\\node_modules\\.bin\\nanoid': 'C:\\Users\\Pico\\Documents\\Projects\\archi-studio\\node_modules\\.bin\\.nanoid-nej6BPhC',
306 silly reify   'C:\\Users\\Pico\\Documents\\Projects\\archi-studio\\node_modules\\.bin\\nanoid.cmd': 'C:\\Users\\Pico\\Documents\\Projects\\archi-studio\\node_modules\\.bin\\.nanoid.cmd-MYPfYH07',
306 silly reify   'C:\\Users\\Pico\\Documents\\Projects\\archi-studio\\node_modules\\.bin\\nanoid.ps1': 'C:\\Users\\Pico\\Documents\\Projects\\archi-studio\\node_modules\\.bin\\.nanoid.ps1-QtEQlWJq',
306 silly reify   'C:\\Users\\Pico\\Documents\\Projects\\archi-studio\\node_modules\\semver': 'C:\\Users\\Pico\\Documents\\Projects\\archi-studio\\node_modules\\.semver-O5gRZyEK',
306 silly reify   'C:\\Users\\Pico\\Documents\\Projects\\archi-studio\\node_modules\\.bin\\semver': 'C:\\Users\\Pico\\Documents\\Projects\\archi-studio\\node_modules\\.bin\\.semver-9QJiKkWq',
306 silly reify   'C:\\Users\\Pico\\Documents\\Projects\\archi-studio\\node_modules\\.bin\\semver.cmd': 'C:\\Users\\Pico\\Documents\\Projects\\archi-studio\\node_modules\\.bin\\.semver.cmd-cwiVqSDv',
306 silly reify   'C:\\Users\\Pico\\Documents\\Projects\\archi-studio\\node_modules\\.bin\\semver.ps1': 'C:\\Users\\Pico\\Documents\\Projects\\archi-studio\\node_modules\\.bin\\.semver.ps1-Fq2YYvw5',
306 silly reify   'C:\\Users\\Pico\\Documents\\Projects\\archi-studio\\node_modules\\typescript': 'C:\\Users\\Pico\\Documents\\Projects\\archi-studio\\node_modules\\.typescript-68yia2xs',
306 silly reify   'C:\\Users\\Pico\\Documents\\Projects\\archi-studio\\node_modules\\.bin\\tsc': 'C:\\Users\\Pico\\Documents\\Projects\\archi-studio\\node_modules\\.bin\\.tsc-i7vKTBB6',
306 silly reify   'C:\\Users\\Pico\\Documents\\Projects\\archi-studio\\node_modules\\.bin\\tsc.cmd': 'C:\\Users\\Pico\\Documents\\Projects\\archi-studio\\node_modules\\.bin\\.tsc.cmd-0Nvy1eQY',
306 silly reify   'C:\\Users\\Pico\\Documents\\Projects\\archi-studio\\node_modules\\.bin\\tsc.ps1': 'C:\\Users\\Pico\\Documents\\Projects\\archi-studio\\node_modules\\.bin\\.tsc.ps1-444O1Obu',
306 silly reify   'C:\\Users\\Pico\\Documents\\Projects\\archi-studio\\node_modules\\.bin\\tsserver': 'C:\\Users\\Pico\\Documents\\Projects\\archi-studio\\node_modules\\.bin\\.tsserver-BTnsCtda',
306 silly reify   'C:\\Users\\Pico\\Documents\\Projects\\archi-studio\\node_modules\\.bin\\tsserver.cmd': 'C:\\Users\\Pico\\Documents\\Projects\\archi-studio\\node_modules\\.bin\\.tsserver.cmd-iLCCM7M8',
306 silly reify   'C:\\Users\\Pico\\Documents\\Projects\\archi-studio\\node_modules\\.bin\\tsserver.ps1': 'C:\\Users\\Pico\\Documents\\Projects\\archi-studio\\node_modules\\.bin\\.tsserver.ps1-6tu35Ubg',
306 silly reify   'C:\\Users\\Pico\\Documents\\Projects\\archi-studio\\node_modules\\update-browserslist-db': 'C:\\Users\\Pico\\Documents\\Projects\\archi-studio\\node_modules\\.update-browserslist-db-JGTrzki6',
306 silly reify   'C:\\Users\\Pico\\Documents\\Projects\\archi-studio\\node_modules\\.bin\\update-browserslist-db': 'C:\\Users\\Pico\\Documents\\Projects\\archi-studio\\node_modules\\.bin\\.update-browserslist-db-xHtUC7JZ',
306 silly reify   'C:\\Users\\Pico\\Documents\\Projects\\archi-studio\\node_modules\\.bin\\update-browserslist-db.cmd': 'C:\\Users\\Pico\\Documents\\Projects\\archi-studio\\node_modules\\.bin\\.update-browserslist-db.cmd-pWOzwDty',
306 silly reify   'C:\\Users\\Pico\\Documents\\Projects\\archi-studio\\node_modules\\.bin\\update-browserslist-db.ps1': 'C:\\Users\\Pico\\Documents\\Projects\\archi-studio\\node_modules\\.bin\\.update-browserslist-db.ps1-74CBnVPb',
306 silly reify   'C:\\Users\\Pico\\Documents\\Projects\\archi-studio\\node_modules\\which': 'C:\\Users\\Pico\\Documents\\Projects\\archi-studio\\node_modules\\.which-7AQ2ENsl',
306 silly reify   'C:\\Users\\Pico\\Documents\\Projects\\archi-studio\\node_modules\\.bin\\node-which': 'C:\\Users\\Pico\\Documents\\Projects\\archi-studio\\node_modules\\.bin\\.node-which-DzUSGciY',
306 silly reify   'C:\\Users\\Pico\\Documents\\Projects\\archi-studio\\node_modules\\.bin\\node-which.cmd': 'C:\\Users\\Pico\\Documents\\Projects\\archi-studio\\node_modules\\.bin\\.node-which.cmd-T5t3Yvrp',
306 silly reify   'C:\\Users\\Pico\\Documents\\Projects\\archi-studio\\node_modules\\.bin\\node-which.ps1': 'C:\\Users\\Pico\\Documents\\Projects\\archi-studio\\node_modules\\.bin\\.node-which.ps1-lBboiaDX',
306 silly reify   'C:\\Users\\Pico\\Documents\\Projects\\archi-studio\\node_modules\\@babel\\parser': 'C:\\Users\\Pico\\Documents\\Projects\\archi-studio\\node_modules\\@babel\\.parser-MJRtijUi',
306 silly reify   'C:\\Users\\Pico\\Documents\\Projects\\archi-studio\\node_modules\\.bin\\parser': 'C:\\Users\\Pico\\Documents\\Projects\\archi-studio\\node_modules\\.bin\\.parser-7ftV7Yw6',
306 silly reify   'C:\\Users\\Pico\\Documents\\Projects\\archi-studio\\node_modules\\.bin\\parser.cmd': 'C:\\Users\\Pico\\Documents\\Projects\\archi-studio\\node_modules\\.bin\\.parser.cmd-J7ZkoxNa',
306 silly reify   'C:\\Users\\Pico\\Documents\\Projects\\archi-studio\\node_modules\\.bin\\parser.ps1': 'C:\\Users\\Pico\\Documents\\Projects\\archi-studio\\node_modules\\.bin\\.parser.ps1-RnyFZKbZ'
306 silly reify }
307 silly audit bulk request {
307 silly audit   '@alloc/quick-lru': [ '5.2.0' ],
307 silly audit   '@babel/code-frame': [ '7.29.0' ],
307 silly audit   '@babel/compat-data': [ '7.29.3' ],
307 silly audit   '@babel/core': [ '7.29.0' ],
307 silly audit   '@babel/generator': [ '7.29.1' ],
307 silly audit   '@babel/helper-compilation-targets': [ '7.28.6' ],
307 silly audit   '@babel/helper-globals': [ '7.28.0' ],
307 silly audit   '@babel/helper-module-imports': [ '7.28.6' ],
307 silly audit   '@babel/helper-module-transforms': [ '7.28.6' ],
307 silly audit   '@babel/helper-string-parser': [ '7.27.1' ],
307 silly audit   '@babel/helper-validator-identifier': [ '7.28.5' ],
307 silly audit   '@babel/helper-validator-option': [ '7.27.1' ],
307 silly audit   '@babel/helpers': [ '7.29.2' ],
307 silly audit   '@babel/parser': [ '7.29.3' ],
307 silly audit   '@babel/template': [ '7.28.6' ],
307 silly audit   '@babel/traverse': [ '7.29.0' ],
307 silly audit   '@babel/types': [ '7.29.0' ],
307 silly audit   '@emnapi/core': [ '1.10.0', '1.8.1' ],
307 silly audit   '@emnapi/runtime': [ '1.10.0', '1.8.1' ],
307 silly audit   '@emnapi/wasi-threads': [ '1.2.1', '1.1.0' ],
307 silly audit   '@eslint-community/eslint-utils': [ '4.9.1' ],
307 silly audit   'eslint-visitor-keys': [ '3.4.3', '5.0.1', '4.2.1' ],
307 silly audit   '@eslint-community/regexpp': [ '4.12.2' ],
307 silly audit   '@eslint/config-array': [ '0.21.2' ],
307 silly audit   '@eslint/config-helpers': [ '0.4.2' ],
307 silly audit   '@eslint/core': [ '0.17.0' ],
307 silly audit   '@eslint/eslintrc': [ '3.3.5' ],
307 silly audit   '@eslint/js': [ '9.39.4' ],
307 silly audit   '@eslint/object-schema': [ '2.1.7' ],
307 silly audit   '@eslint/plugin-kit': [ '0.4.1' ],
307 silly audit   '@formatjs/fast-memoize': [ '3.1.4' ],
307 silly audit   '@formatjs/icu-messageformat-parser': [ '3.5.7' ],
307 silly audit   '@formatjs/icu-skeleton-parser': [ '2.1.7' ],
307 silly audit   '@formatjs/intl-localematcher': [ '0.8.6' ],
307 silly audit   '@humanfs/core': [ '0.19.2' ],
307 silly audit   '@humanfs/node': [ '0.16.8' ],
307 silly audit   '@humanfs/types': [ '0.15.0' ],
307 silly audit   '@humanwhocodes/module-importer': [ '1.0.1' ],
307 silly audit   '@humanwhocodes/retry': [ '0.4.3' ],
307 silly audit   '@img/colour': [ '1.1.0' ],
307 silly audit   '@img/sharp-darwin-arm64': [ '0.34.5' ],
307 silly audit   '@img/sharp-darwin-x64': [ '0.34.5' ],
307 silly audit   '@img/sharp-libvips-darwin-arm64': [ '1.2.4' ],
307 silly audit   '@img/sharp-libvips-darwin-x64': [ '1.2.4' ],
307 silly audit   '@img/sharp-libvips-linux-arm': [ '1.2.4' ],
307 silly audit   '@img/sharp-libvips-linux-arm64': [ '1.2.4' ],
307 silly audit   '@img/sharp-libvips-linux-ppc64': [ '1.2.4' ],
307 silly audit   '@img/sharp-libvips-linux-riscv64': [ '1.2.4' ],
307 silly audit   '@img/sharp-libvips-linux-s390x': [ '1.2.4' ],
307 silly audit   '@img/sharp-libvips-linux-x64': [ '1.2.4' ],
307 silly audit   '@img/sharp-libvips-linuxmusl-arm64': [ '1.2.4' ],
307 silly audit   '@img/sharp-libvips-linuxmusl-x64': [ '1.2.4' ],
307 silly audit   '@img/sharp-linux-arm': [ '0.34.5' ],
307 silly audit   '@img/sharp-linux-arm64': [ '0.34.5' ],
307 silly audit   '@img/sharp-linux-ppc64': [ '0.34.5' ],
307 silly audit   '@img/sharp-linux-riscv64': [ '0.34.5' ],
307 silly audit   '@img/sharp-linux-s390x': [ '0.34.5' ],
307 silly audit   '@img/sharp-linux-x64': [ '0.34.5' ],
307 silly audit   '@img/sharp-linuxmusl-arm64': [ '0.34.5' ],
307 silly audit   '@img/sharp-linuxmusl-x64': [ '0.34.5' ],
307 silly audit   '@img/sharp-wasm32': [ '0.34.5' ],
307 silly audit   '@img/sharp-win32-arm64': [ '0.34.5' ],
307 silly audit   '@img/sharp-win32-ia32': [ '0.34.5' ],
307 silly audit   '@img/sharp-win32-x64': [ '0.34.5' ],
307 silly audit   '@jridgewell/gen-mapping': [ '0.3.13' ],
307 silly audit   '@jridgewell/remapping': [ '2.3.5' ],
307 silly audit   '@jridgewell/resolve-uri': [ '3.1.2' ],
307 silly audit   '@jridgewell/sourcemap-codec': [ '1.5.5' ],
307 silly audit   '@jridgewell/trace-mapping': [ '0.3.31' ],
307 silly audit   '@napi-rs/wasm-runtime': [ '0.2.12', '1.1.1' ],
307 silly audit   '@next/env': [ '16.2.5' ],
307 silly audit   '@next/eslint-plugin-next': [ '16.2.5' ],
307 silly audit   '@next/swc-darwin-arm64': [ '16.2.5' ],
307 silly audit   '@next/swc-darwin-x64': [ '16.2.5' ],
307 silly audit   '@next/swc-linux-arm64-gnu': [ '16.2.5' ],
307 silly audit   '@next/swc-linux-arm64-musl': [ '16.2.5' ],
307 silly audit   '@next/swc-linux-x64-gnu': [ '16.2.5' ],
307 silly audit   '@next/swc-linux-x64-musl': [ '16.2.5' ],
307 silly audit   '@next/swc-win32-arm64-msvc': [ '16.2.5' ],
307 silly audit   '@next/swc-win32-x64-msvc': [ '16.2.5' ],
307 silly audit   '@nodelib/fs.scandir': [ '2.1.5' ],
307 silly audit   '@nodelib/fs.stat': [ '2.0.5' ],
307 silly audit   '@nodelib/fs.walk': [ '1.2.8' ],
307 silly audit   '@nolyfill/is-core-module': [ '1.0.39' ],
307 silly audit   '@parcel/watcher': [ '2.5.6' ],
307 silly audit   '@parcel/watcher-android-arm64': [ '2.5.6' ],
307 silly audit   '@parcel/watcher-darwin-arm64': [ '2.5.6' ],
307 silly audit   '@parcel/watcher-darwin-x64': [ '2.5.6' ],
307 silly audit   '@parcel/watcher-freebsd-x64': [ '2.5.6' ],
307 silly audit   '@parcel/watcher-linux-arm-glibc': [ '2.5.6' ],
307 silly audit   '@parcel/watcher-linux-arm-musl': [ '2.5.6' ],
307 silly audit   '@parcel/watcher-linux-arm64-glibc': [ '2.5.6' ],
307 silly audit   '@parcel/watcher-linux-arm64-musl': [ '2.5.6' ],
307 silly audit   '@parcel/watcher-linux-x64-glibc': [ '2.5.6' ],
307 silly audit   '@parcel/watcher-linux-x64-musl': [ '2.5.6' ],
307 silly audit   '@parcel/watcher-win32-arm64': [ '2.5.6' ],
307 silly audit   '@parcel/watcher-win32-ia32': [ '2.5.6' ],
307 silly audit   '@parcel/watcher-win32-x64': [ '2.5.6' ],
307 silly audit   picomatch: [ '4.0.4', '2.3.2' ],
307 silly audit   '@radix-ui/primitive': [ '1.1.3' ],
307 silly audit   '@radix-ui/react-accordion': [ '1.2.12' ],
307 silly audit   '@radix-ui/react-collapsible': [ '1.1.12' ],
307 silly audit   '@radix-ui/react-collection': [ '1.1.7' ],
307 silly audit   '@radix-ui/react-slot': [ '1.2.3', '1.2.4' ],
307 silly audit   '@radix-ui/react-compose-refs': [ '1.1.2' ],
307 silly audit   '@radix-ui/react-context': [ '1.1.2' ],
307 silly audit   '@radix-ui/react-dialog': [ '1.1.15' ],
307 silly audit   '@radix-ui/react-direction': [ '1.1.1' ],
307 silly audit   '@radix-ui/react-dismissable-layer': [ '1.1.11' ],
307 silly audit   '@radix-ui/react-focus-guards': [ '1.1.3' ],
307 silly audit   '@radix-ui/react-focus-scope': [ '1.1.7' ],
307 silly audit   '@radix-ui/react-id': [ '1.1.1' ],
307 silly audit   '@radix-ui/react-portal': [ '1.1.9' ],
307 silly audit   '@radix-ui/react-presence': [ '1.1.5' ],
307 silly audit   '@radix-ui/react-primitive': [ '2.1.3' ],
307 silly audit   '@radix-ui/react-use-callback-ref': [ '1.1.1' ],
307 silly audit   '@radix-ui/react-use-controllable-state': [ '1.2.2' ],
307 silly audit   '@radix-ui/react-use-effect-event': [ '0.0.2' ],
307 silly audit   '@radix-ui/react-use-escape-keydown': [ '1.1.1' ],
307 silly audit   '@radix-ui/react-use-layout-effect': [ '1.1.1' ],
307 silly audit   '@rtsao/scc': [ '1.1.0' ],
307 silly audit   '@schummar/icu-type-parser': [ '1.21.5' ],
307 silly audit   '@swc/core-darwin-arm64': [ '1.15.33' ],
307 silly audit   '@swc/core-darwin-x64': [ '1.15.33' ],
307 silly audit   '@swc/core-linux-arm-gnueabihf': [ '1.15.33' ],
307 silly audit   '@swc/core-linux-arm64-gnu': [ '1.15.33' ],
307 silly audit   '@swc/core-linux-arm64-musl': [ '1.15.33' ],
307 silly audit   '@swc/core-linux-ppc64-gnu': [ '1.15.33' ],
307 silly audit   '@swc/core-linux-s390x-gnu': [ '1.15.33' ],
307 silly audit   '@swc/core-linux-x64-gnu': [ '1.15.33' ],
307 silly audit   '@swc/core-linux-x64-musl': [ '1.15.33' ],
307 silly audit   '@swc/core-win32-arm64-msvc': [ '1.15.33' ],
307 silly audit   '@swc/core-win32-ia32-msvc': [ '1.15.33' ],
307 silly audit   '@swc/core-win32-x64-msvc': [ '1.15.33' ],
307 silly audit   '@swc/counter': [ '0.1.3' ],
307 silly audit   '@swc/helpers': [ '0.5.21', '0.5.15' ],
307 silly audit   '@swc/types': [ '0.1.26' ],
307 silly audit   '@tailwindcss/node': [ '4.2.4' ],
307 silly audit   '@tailwindcss/oxide': [ '4.2.4' ],
307 silly audit   '@tailwindcss/oxide-android-arm64': [ '4.2.4' ],
307 silly audit   '@tailwindcss/oxide-darwin-arm64': [ '4.2.4' ],
307 silly audit   '@tailwindcss/oxide-darwin-x64': [ '4.2.4' ],
307 silly audit   '@tailwindcss/oxide-freebsd-x64': [ '4.2.4' ],
307 silly audit   '@tailwindcss/oxide-linux-arm-gnueabihf': [ '4.2.4' ],
307 silly audit   '@tailwindcss/oxide-linux-arm64-gnu': [ '4.2.4' ],
307 silly audit   '@tailwindcss/oxide-linux-arm64-musl': [ '4.2.4' ],
307 silly audit   '@tailwindcss/oxide-linux-x64-gnu': [ '4.2.4' ],
307 silly audit   '@tailwindcss/oxide-linux-x64-musl': [ '4.2.4' ],
307 silly audit   '@tailwindcss/oxide-wasm32-wasi': [ '4.2.4' ],
307 silly audit   '@tybys/wasm-util': [ '0.10.1', '0.10.2' ],
307 silly audit   tslib: [ '2.8.1' ],
307 silly audit   '@tailwindcss/oxide-win32-arm64-msvc': [ '4.2.4' ],
307 silly audit   '@tailwindcss/oxide-win32-x64-msvc': [ '4.2.4' ],
307 silly audit   '@tailwindcss/postcss': [ '4.2.4' ],
307 silly audit   '@types/estree': [ '1.0.9' ],
307 silly audit   '@types/json-schema': [ '7.0.15' ],
307 silly audit   '@types/json5': [ '0.0.29' ],
307 silly audit   '@types/node': [ '20.19.39' ],
307 silly audit   '@types/nodemailer': [ '8.0.0' ],
307 silly audit   '@types/react': [ '19.2.14' ],
307 silly audit   '@types/react-dom': [ '19.2.3' ],
307 silly audit   '@typescript-eslint/eslint-plugin': [ '8.59.2' ],
307 silly audit   ignore: [ '7.0.5', '5.3.2' ],
307 silly audit   '@typescript-eslint/parser': [ '8.59.2' ],
307 silly audit   '@typescript-eslint/project-service': [ '8.59.2' ],
307 silly audit   '@typescript-eslint/scope-manager': [ '8.59.2' ],
307 silly audit   '@typescript-eslint/tsconfig-utils': [ '8.59.2' ],
307 silly audit   '@typescript-eslint/type-utils': [ '8.59.2' ],
307 silly audit   '@typescript-eslint/types': [ '8.59.2' ],
307 silly audit   '@typescript-eslint/typescript-estree': [ '8.59.2' ],
307 silly audit   'balanced-match': [ '4.0.4', '1.0.2' ],
307 silly audit   'brace-expansion': [ '5.0.5', '1.1.14' ],
307 silly audit   minimatch: [ '10.2.5', '3.1.5' ],
307 silly audit   semver: [ '7.7.4', '6.3.1' ],
307 silly audit   '@typescript-eslint/utils': [ '8.59.2' ],
307 silly audit   '@typescript-eslint/visitor-keys': [ '8.59.2' ],
307 silly audit   '@unrs/resolver-binding-android-arm-eabi': [ '1.11.1' ],
307 silly audit   '@unrs/resolver-binding-android-arm64': [ '1.11.1' ],
307 silly audit   '@unrs/resolver-binding-darwin-arm64': [ '1.11.1' ],
307 silly audit   '@unrs/resolver-binding-darwin-x64': [ '1.11.1' ],
307 silly audit   '@unrs/resolver-binding-freebsd-x64': [ '1.11.1' ],
307 silly audit   '@unrs/resolver-binding-linux-arm-gnueabihf': [ '1.11.1' ],
307 silly audit   '@unrs/resolver-binding-linux-arm-musleabihf': [ '1.11.1' ],
307 silly audit   '@unrs/resolver-binding-linux-arm64-gnu': [ '1.11.1' ],
307 silly audit   '@unrs/resolver-binding-linux-arm64-musl': [ '1.11.1' ],
307 silly audit   '@unrs/resolver-binding-linux-ppc64-gnu': [ '1.11.1' ],
307 silly audit   '@unrs/resolver-binding-linux-riscv64-gnu': [ '1.11.1' ],
307 silly audit   '@unrs/resolver-binding-linux-riscv64-musl': [ '1.11.1' ],
307 silly audit   '@unrs/resolver-binding-linux-s390x-gnu': [ '1.11.1' ],
307 silly audit   '@unrs/resolver-binding-linux-x64-gnu': [ '1.11.1' ],
307 silly audit   '@unrs/resolver-binding-linux-x64-musl': [ '1.11.1' ],
307 silly audit   '@unrs/resolver-binding-wasm32-wasi': [ '1.11.1' ],
307 silly audit   '@unrs/resolver-binding-win32-arm64-msvc': [ '1.11.1' ],
307 silly audit   '@unrs/resolver-binding-win32-ia32-msvc': [ '1.11.1' ],
307 silly audit   '@unrs/resolver-binding-win32-x64-msvc': [ '1.11.1' ],
307 silly audit   acorn: [ '8.16.0' ],
307 silly audit   'acorn-jsx': [ '5.3.2' ],
307 silly audit   ajv: [ '6.15.0' ],
307 silly audit   'ansi-styles': [ '4.3.0' ],
307 silly audit   argparse: [ '2.0.1' ],
307 silly audit   'aria-hidden': [ '1.2.6' ],
307 silly audit   'aria-query': [ '5.3.2' ],
307 silly audit   'array-buffer-byte-length': [ '1.0.2' ],
307 silly audit   'array-includes': [ '3.1.9' ],
307 silly audit   'array.prototype.findlast': [ '1.2.5' ],
307 silly audit   'array.prototype.findlastindex': [ '1.2.6' ],
307 silly audit   'array.prototype.flat': [ '1.3.3' ],
307 silly audit   'array.prototype.flatmap': [ '1.3.3' ],
307 silly audit   'array.prototype.tosorted': [ '1.1.4' ],
307 silly audit   'arraybuffer.prototype.slice': [ '1.0.4' ],
307 silly audit   'ast-types-flow': [ '0.0.8' ],
307 silly audit   'async-function': [ '1.0.0' ],
307 silly audit   'available-typed-arrays': [ '1.0.7' ],
307 silly audit   'axe-core': [ '4.11.4' ],
307 silly audit   'axobject-query': [ '4.1.0' ],
307 silly audit   'baseline-browser-mapping': [ '2.10.27' ],
307 silly audit   braces: [ '3.0.3' ],
307 silly audit   browserslist: [ '4.28.2' ],
307 silly audit   'call-bind': [ '1.0.9' ],
307 silly audit   'call-bind-apply-helpers': [ '1.0.2' ],
307 silly audit   'call-bound': [ '1.0.4' ],
307 silly audit   callsites: [ '3.1.0' ],
307 silly audit   'caniuse-lite': [ '1.0.30001792' ],
307 silly audit   chalk: [ '4.1.2' ],
307 silly audit   'client-only': [ '0.0.1' ],
307 silly audit   clsx: [ '2.1.1' ],
307 silly audit   'color-convert': [ '2.0.1' ],
307 silly audit   'color-name': [ '1.1.4' ],
307 silly audit   'concat-map': [ '0.0.1' ],
307 silly audit   'convert-source-map': [ '2.0.0' ],
307 silly audit   'cross-spawn': [ '7.0.6' ],
307 silly audit   csstype: [ '3.2.3' ],
307 silly audit   'damerau-levenshtein': [ '1.0.8' ],
307 silly audit   'data-view-buffer': [ '1.0.2' ],
307 silly audit   'data-view-byte-length': [ '1.0.2' ],
307 silly audit   'data-view-byte-offset': [ '1.0.1' ],
307 silly audit   debug: [ '4.4.3', '3.2.7' ],
307 silly audit   'deep-is': [ '0.1.4' ],
307 silly audit   'define-data-property': [ '1.1.4' ],
307 silly audit   'define-properties': [ '1.2.1' ],
307 silly audit   'detect-libc': [ '2.1.2' ],
307 silly audit   'detect-node-es': [ '1.1.0' ],
307 silly audit   doctrine: [ '2.1.0' ],
307 silly audit   'dunder-proto': [ '1.0.1' ],
307 silly audit   'electron-to-chromium': [ '1.5.352' ],
307 silly audit   'emoji-regex': [ '9.2.2' ],
307 silly audit   'enhanced-resolve': [ '5.21.0' ],
307 silly audit   'es-abstract': [ '1.24.2' ],
307 silly audit   'es-define-property': [ '1.0.1' ],
307 silly audit   'es-errors': [ '1.3.0' ],
307 silly audit   'es-iterator-helpers': [ '1.3.2' ],
307 silly audit   'es-object-atoms': [ '1.1.1' ],
307 silly audit   'es-set-tostringtag': [ '2.1.0' ],
307 silly audit   'es-shim-unscopables': [ '1.1.0' ],
307 silly audit   'es-to-primitive': [ '1.3.0' ],
307 silly audit   escalade: [ '3.2.0' ],
307 silly audit   'escape-string-regexp': [ '4.0.0' ],
307 silly audit   eslint: [ '9.39.4' ],
307 silly audit   'eslint-config-next': [ '16.2.5' ],
307 silly audit   globals: [ '16.4.0', '14.0.0' ],
307 silly audit   'eslint-import-resolver-node': [ '0.3.10' ],
307 silly audit   'eslint-import-resolver-typescript': [ '3.10.1' ],
307 silly audit   'eslint-module-utils': [ '2.12.1' ],
307 silly audit   'eslint-plugin-import': [ '2.32.0' ],
307 silly audit   'eslint-plugin-jsx-a11y': [ '6.10.2' ],
307 silly audit   'eslint-plugin-react': [ '7.37.5' ],
307 silly audit   'eslint-plugin-react-hooks': [ '7.1.1' ],
307 silly audit   'eslint-scope': [ '8.4.0' ],
307 silly audit   espree: [ '10.4.0' ],
307 silly audit   esquery: [ '1.7.0' ],
307 silly audit   esrecurse: [ '4.3.0' ],
307 silly audit   estraverse: [ '5.3.0' ],
307 silly audit   esutils: [ '2.0.3' ],
307 silly audit   'fast-deep-equal': [ '3.1.3' ],
307 silly audit   'fast-glob': [ '3.3.1' ],
307 silly audit   'glob-parent': [ '5.1.2', '6.0.2' ],
307 silly audit   'fast-json-stable-stringify': [ '2.1.0' ],
307 silly audit   'fast-levenshtein': [ '2.0.6' ],
307 silly audit   fastq: [ '1.20.1' ],
307 silly audit   'file-entry-cache': [ '8.0.0' ],
307 silly audit   'fill-range': [ '7.1.1' ],
307 silly audit   'find-up': [ '5.0.0' ],
307 silly audit   'flat-cache': [ '4.0.1' ],
307 silly audit   flatted: [ '3.4.2' ],
307 silly audit   'for-each': [ '0.3.5' ],
307 silly audit   'framer-motion': [ '12.38.0' ],
307 silly audit   'function-bind': [ '1.1.2' ],
307 silly audit   'function.prototype.name': [ '1.1.8' ],
307 silly audit   'functions-have-names': [ '1.2.3' ],
307 silly audit   'generator-function': [ '2.0.1' ],
307 silly audit   gensync: [ '1.0.0-beta.2' ],
307 silly audit   'get-intrinsic': [ '1.3.0' ],
307 silly audit   'get-nonce': [ '1.0.1' ],
307 silly audit   'get-proto': [ '1.0.1' ],
307 silly audit   'get-symbol-description': [ '1.1.0' ],
307 silly audit   'get-tsconfig': [ '4.14.0' ],
307 silly audit   globalthis: [ '1.0.4' ],
307 silly audit   gopd: [ '1.2.0' ],
307 silly audit   'graceful-fs': [ '4.2.11' ],
307 silly audit   'has-bigints': [ '1.1.0' ],
307 silly audit   'has-flag': [ '4.0.0' ],
307 silly audit   'has-property-descriptors': [ '1.0.2' ],
307 silly audit   'has-proto': [ '1.2.0' ],
307 silly audit   'has-symbols': [ '1.1.0' ],
307 silly audit   'has-tostringtag': [ '1.0.2' ],
307 silly audit   hasown: [ '2.0.3' ],
307 silly audit   'hermes-estree': [ '0.25.1' ],
307 silly audit   'hermes-parser': [ '0.25.1' ],
307 silly audit   'icu-minify': [ '4.11.0' ],
307 silly audit   'import-fresh': [ '3.3.1' ],
307 silly audit   imurmurhash: [ '0.1.4' ],
307 silly audit   'internal-slot': [ '1.1.0' ],
307 silly audit   'intl-messageformat': [ '11.2.4' ],
307 silly audit   'is-array-buffer': [ '3.0.5' ],
307 silly audit   'is-async-function': [ '2.1.1' ],
307 silly audit   'is-bigint': [ '1.1.0' ],
307 silly audit   'is-boolean-object': [ '1.2.2' ],
307 silly audit   'is-bun-module': [ '2.0.0' ],
307 silly audit   'is-callable': [ '1.2.7' ],
307 silly audit   'is-core-module': [ '2.16.2' ],
307 silly audit   'is-data-view': [ '1.0.2' ],
307 silly audit   'is-date-object': [ '1.1.0' ],
307 silly audit   'is-extglob': [ '2.1.1' ],
307 silly audit   'is-finalizationregistry': [ '1.1.1' ],
307 silly audit   'is-generator-function': [ '1.1.2' ],
307 silly audit   'is-glob': [ '4.0.3' ],
307 silly audit   'is-map': [ '2.0.3' ],
307 silly audit   'is-negative-zero': [ '2.0.3' ],
307 silly audit   'is-number': [ '7.0.0' ],
307 silly audit   'is-number-object': [ '1.1.1' ],
307 silly audit   'is-regex': [ '1.2.1' ],
307 silly audit   'is-set': [ '2.0.3' ],
307 silly audit   'is-shared-array-buffer': [ '1.0.4' ],
307 silly audit   'is-string': [ '1.1.1' ],
307 silly audit   'is-symbol': [ '1.1.1' ],
307 silly audit   'is-typed-array': [ '1.1.15' ],
307 silly audit   'is-weakmap': [ '2.0.2' ],
307 silly audit   'is-weakref': [ '1.1.1' ],
307 silly audit   'is-weakset': [ '2.0.4' ],
307 silly audit   isarray: [ '2.0.5' ],
307 silly audit   isexe: [ '2.0.0' ],
307 silly audit   'iterator.prototype': [ '1.1.5' ],
307 silly audit   jiti: [ '2.7.0' ],
307 silly audit   'js-tokens': [ '4.0.0' ],
307 silly audit   'js-yaml': [ '4.1.1' ],
307 silly audit   jsesc: [ '3.1.0' ],
307 silly audit   'json-buffer': [ '3.0.1' ],
307 silly audit   'json-schema-traverse': [ '0.4.1' ],
307 silly audit   'json-stable-stringify-without-jsonify': [ '1.0.1' ],
307 silly audit   json5: [ '2.2.3', '1.0.2' ],
307 silly audit   'jsx-ast-utils': [ '3.3.5' ],
307 silly audit   keyv: [ '4.5.4' ],
307 silly audit   'language-subtag-registry': [ '0.3.23' ],
307 silly audit   'language-tags': [ '1.0.9' ],
307 silly audit   levn: [ '0.4.1' ],
307 silly audit   lightningcss: [ '1.32.0' ],
307 silly audit   'lightningcss-android-arm64': [ '1.32.0' ],
307 silly audit   'lightningcss-darwin-arm64': [ '1.32.0' ],
307 silly audit   'lightningcss-darwin-x64': [ '1.32.0' ],
307 silly audit   'lightningcss-freebsd-x64': [ '1.32.0' ],
307 silly audit   'lightningcss-linux-arm-gnueabihf': [ '1.32.0' ],
307 silly audit   'lightningcss-linux-arm64-gnu': [ '1.32.0' ],
307 silly audit   'lightningcss-linux-arm64-musl': [ '1.32.0' ],
307 silly audit   'lightningcss-linux-x64-gnu': [ '1.32.0' ],
307 silly audit   'lightningcss-linux-x64-musl': [ '1.32.0' ],
307 silly audit   'lightningcss-win32-arm64-msvc': [ '1.32.0' ],
307 silly audit   'lightningcss-win32-x64-msvc': [ '1.32.0' ],
307 silly audit   'locate-path': [ '6.0.0' ],
307 silly audit   'lodash.merge': [ '4.6.2' ],
307 silly audit   'loose-envify': [ '1.4.0' ],
307 silly audit   'lru-cache': [ '5.1.1' ],
307 silly audit   'lucide-react': [ '1.14.0' ],
307 silly audit   'magic-string': [ '0.30.21' ],
307 silly audit   'math-intrinsics': [ '1.1.0' ],
307 silly audit   merge2: [ '1.4.1' ],
307 silly audit   micromatch: [ '4.0.8' ],
307 silly audit   minimist: [ '1.2.8' ],
307 silly audit   'motion-dom': [ '12.38.0' ],
307 silly audit   'motion-utils': [ '12.36.0' ],
307 silly audit   ms: [ '2.1.3' ],
307 silly audit   nanoid: [ '3.3.12' ],
307 silly audit   'napi-postinstall': [ '0.3.4' ],
307 silly audit   'natural-compare': [ '1.4.0' ],
307 silly audit   negotiator: [ '1.0.0' ],
307 silly audit   next: [ '16.2.5' ],
307 silly audit   'next-intl': [ '4.11.0' ],
307 silly audit   'next-intl-swc-plugin-extractor': [ '4.11.0' ],
307 silly audit   '@swc/core': [ '1.15.33' ],
307 silly audit   postcss: [ '8.4.31', '8.5.14' ],
307 silly audit   'node-addon-api': [ '7.1.1' ],
307 silly audit   'node-exports-info': [ '1.6.0' ],
307 silly audit   'node-releases': [ '2.0.38' ],
307 silly audit   nodemailer: [ '8.0.7' ],
307 silly audit   'object-assign': [ '4.1.1' ],
307 silly audit   'object-inspect': [ '1.13.4' ],
307 silly audit   'object-keys': [ '1.1.1' ],
307 silly audit   'object.assign': [ '4.1.7' ],
307 silly audit   'object.entries': [ '1.1.9' ],
307 silly audit   'object.fromentries': [ '2.0.8' ],
307 silly audit   'object.groupby': [ '1.0.3' ],
307 silly audit   'object.values': [ '1.2.1' ],
307 silly audit   optionator: [ '0.9.4' ],
307 silly audit   'own-keys': [ '1.0.1' ],
307 silly audit   'p-limit': [ '3.1.0' ],
307 silly audit   'p-locate': [ '5.0.0' ],
307 silly audit   'parent-module': [ '1.0.1' ],
307 silly audit   'path-exists': [ '4.0.0' ],
307 silly audit   'path-key': [ '3.1.1' ],
307 silly audit   'path-parse': [ '1.0.7' ],
307 silly audit   picocolors: [ '1.1.1' ],
307 silly audit   'po-parser': [ '2.1.1' ],
307 silly audit   'possible-typed-array-names': [ '1.1.0' ],
307 silly audit   'prelude-ls': [ '1.2.1' ],
307 silly audit   'prop-types': [ '15.8.1' ],
307 silly audit   punycode: [ '2.3.1' ],
307 silly audit   'queue-microtask': [ '1.2.3' ],
307 silly audit   react: [ '19.2.4' ],
307 silly audit   'react-dom': [ '19.2.4' ],
307 silly audit   'react-is': [ '16.13.1' ],
307 silly audit   'react-remove-scroll': [ '2.7.2' ],
307 silly audit   'react-remove-scroll-bar': [ '2.3.8' ],
307 silly audit   'react-style-singleton': [ '2.2.3' ],
307 silly audit   'reflect.getprototypeof': [ '1.0.10' ],
307 silly audit   'regexp.prototype.flags': [ '1.5.4' ],
307 silly audit   resolve: [ '2.0.0-next.6' ],
307 silly audit   'resolve-from': [ '4.0.0' ],
307 silly audit   'resolve-pkg-maps': [ '1.0.0' ],
307 silly audit   reusify: [ '1.1.0' ],
307 silly audit   'run-parallel': [ '1.2.0' ],
307 silly audit   'safe-array-concat': [ '1.1.4' ],
307 silly audit   'safe-push-apply': [ '1.0.0' ],
307 silly audit   'safe-regex-test': [ '1.1.0' ],
307 silly audit   scheduler: [ '0.27.0' ],
307 silly audit   'set-function-length': [ '1.2.2' ],
307 silly audit   'set-function-name': [ '2.0.2' ],
307 silly audit   'set-proto': [ '1.0.0' ],
307 silly audit   sharp: [ '0.34.5' ],
307 silly audit   'shebang-command': [ '2.0.0' ],
307 silly audit   'shebang-regex': [ '3.0.0' ],
307 silly audit   'side-channel': [ '1.1.0' ],
307 silly audit   'side-channel-list': [ '1.0.1' ],
307 silly audit   'side-channel-map': [ '1.0.1' ],
307 silly audit   'side-channel-weakmap': [ '1.0.2' ],
307 silly audit   'source-map-js': [ '1.2.1' ],
307 silly audit   'stable-hash': [ '0.0.5' ],
307 silly audit   'stop-iteration-iterator': [ '1.1.0' ],
307 silly audit   'string.prototype.includes': [ '2.0.1' ],
307 silly audit   'string.prototype.matchall': [ '4.0.12' ],
307 silly audit   'string.prototype.repeat': [ '1.0.0' ],
307 silly audit   'string.prototype.trim': [ '1.2.10' ],
307 silly audit   'string.prototype.trimend': [ '1.0.9' ],
307 silly audit   'string.prototype.trimstart': [ '1.0.8' ],
307 silly audit   'strip-bom': [ '3.0.0' ],
307 silly audit   'strip-json-comments': [ '3.1.1' ],
307 silly audit   'styled-jsx': [ '5.1.6' ],
307 silly audit   'supports-color': [ '7.2.0' ],
307 silly audit   'supports-preserve-symlinks-flag': [ '1.0.0' ],
307 silly audit   'tailwind-merge': [ '3.5.0' ],
307 silly audit   tailwindcss: [ '4.2.4' ],
307 silly audit   tapable: [ '2.3.3' ],
307 silly audit   tinyglobby: [ '0.2.16' ],
307 silly audit   fdir: [ '6.5.0' ],
307 silly audit   'to-regex-range': [ '5.0.1' ],
307 silly audit   'ts-api-utils': [ '2.5.0' ],
307 silly audit   'tsconfig-paths': [ '3.15.0' ],
307 silly audit   'type-check': [ '0.4.0' ],
307 silly audit   'typed-array-buffer': [ '1.0.3' ],
307 silly audit   'typed-array-byte-length': [ '1.0.3' ],
307 silly audit   'typed-array-byte-offset': [ '1.0.4' ],
307 silly audit   'typed-array-length': [ '1.0.7' ],
307 silly audit   typescript: [ '5.9.3' ],
307 silly audit   'typescript-eslint': [ '8.59.2' ],
307 silly audit   'unbox-primitive': [ '1.1.0' ],
307 silly audit   'undici-types': [ '6.21.0' ],
307 silly audit   'unrs-resolver': [ '1.11.1' ],
307 silly audit   'update-browserslist-db': [ '1.2.3' ],
307 silly audit   'uri-js': [ '4.4.1' ],
307 silly audit   'use-callback-ref': [ '1.3.3' ],
307 silly audit   'use-intl': [ '4.11.0' ],
307 silly audit   'use-sidecar': [ '1.1.3' ],
307 silly audit   which: [ '2.0.2' ],
307 silly audit   'which-boxed-primitive': [ '1.1.1' ],
307 silly audit   'which-builtin-type': [ '1.2.1' ],
307 silly audit   'which-collection': [ '1.0.2' ],
307 silly audit   'which-typed-array': [ '1.1.20' ],
307 silly audit   'word-wrap': [ '1.2.5' ],
307 silly audit   yallist: [ '3.1.1' ],
307 silly audit   'yocto-queue': [ '0.1.0' ],
307 silly audit   zod: [ '4.4.3' ],
307 silly audit   'zod-validation-error': [ '4.0.2' ]
307 silly audit }
308 verbose audit error FetchError: request to https://registry.npmjs.org/-/npm/v1/security/advisories/bulk failed, reason: 
308 verbose audit error     at ClientRequest.<anonymous> (C:\Users\Pico\AppData\Roaming\npm\node_modules\npm\node_modules\minipass-fetch\lib\index.js:130:14)
308 verbose audit error     at ClientRequest.emit (node:events:509:20)
308 verbose audit error     at emitErrorEvent (node:_http_client:109:11)
308 verbose audit error     at _destroy (node:_http_client:993:9)
308 verbose audit error     at onSocketNT (node:_http_client:1013:5)
308 verbose audit error     at process.processTicksAndRejections (node:internal/process/task_queues:91:21) {
308 verbose audit error   code: 'EACCES',
308 verbose audit error   errno: 'EACCES',
308 verbose audit error   type: 'system'
308 verbose audit error }
309 silly audit error undefined
310 silly audit report null
311 http cache @babel/parser@https://registry.npmjs.org/@babel/parser/-/parser-7.29.3.tgz 0ms (cache hit)
312 http cache update-browserslist-db@https://registry.npmjs.org/update-browserslist-db/-/update-browserslist-db-1.2.3.tgz 0ms (cache hit)
313 http cache which@https://registry.npmjs.org/which/-/which-2.0.2.tgz 0ms (cache hit)
314 http cache typescript@https://registry.npmjs.org/typescript/-/typescript-5.9.3.tgz 0ms (cache hit)
315 http cache nanoid@https://registry.npmjs.org/nanoid/-/nanoid-3.3.12.tgz 0ms (cache hit)
316 http cache jsesc@https://registry.npmjs.org/jsesc/-/jsesc-3.1.0.tgz 0ms (cache hit)
317 http cache semver@https://registry.npmjs.org/semver/-/semver-6.3.1.tgz 0ms (cache hit)
318 http cache js-yaml@https://registry.npmjs.org/js-yaml/-/js-yaml-4.1.1.tgz 0ms (cache hit)
319 http cache json5@https://registry.npmjs.org/json5/-/json5-2.2.3.tgz 0ms (cache hit)
320 http cache @unrs/resolver-binding-win32-x64-msvc@https://registry.npmjs.org/@unrs/resolver-binding-win32-x64-msvc/-/resolver-binding-win32-x64-msvc-1.11.1.tgz 1ms (cache hit)
321 http cache @typescript-eslint/utils@https://registry.npmjs.org/@typescript-eslint/utils/-/utils-8.59.2.tgz 0ms (cache hit)
322 http cache loose-envify@https://registry.npmjs.org/loose-envify/-/loose-envify-1.4.0.tgz 0ms (cache hit)
323 http cache browserslist@https://registry.npmjs.org/browserslist/-/browserslist-4.28.2.tgz 0ms (cache hit)
324 http cache @typescript-eslint/visitor-keys@https://registry.npmjs.org/@typescript-eslint/visitor-keys/-/visitor-keys-8.59.2.tgz 0ms (cache hit)
325 http cache @typescript-eslint/typescript-estree@https://registry.npmjs.org/@typescript-eslint/typescript-estree/-/typescript-estree-8.59.2.tgz 0ms (cache hit)
326 http cache @typescript-eslint/types@https://registry.npmjs.org/@typescript-eslint/types/-/types-8.59.2.tgz 0ms (cache hit)
327 http cache @typescript-eslint/tsconfig-utils@https://registry.npmjs.org/@typescript-eslint/tsconfig-utils/-/tsconfig-utils-8.59.2.tgz 0ms (cache hit)
328 http cache @typescript-eslint/scope-manager@https://registry.npmjs.org/@typescript-eslint/scope-manager/-/scope-manager-8.59.2.tgz 0ms (cache hit)
329 http cache @typescript-eslint/project-service@https://registry.npmjs.org/@typescript-eslint/project-service/-/project-service-8.59.2.tgz 0ms (cache hit)
330 http cache @typescript-eslint/parser@https://registry.npmjs.org/@typescript-eslint/parser/-/parser-8.59.2.tgz 0ms (cache hit)
331 http cache @types/nodemailer@https://registry.npmjs.org/@types/nodemailer/-/nodemailer-8.0.0.tgz 0ms (cache hit)
332 http cache @typescript-eslint/type-utils@https://registry.npmjs.org/@typescript-eslint/type-utils/-/type-utils-8.59.2.tgz 0ms (cache hit)
333 http cache @typescript-eslint/eslint-plugin@https://registry.npmjs.org/@typescript-eslint/eslint-plugin/-/eslint-plugin-8.59.2.tgz 0ms (cache hit)
334 http cache @types/react@https://registry.npmjs.org/@types/react/-/react-19.2.14.tgz 0ms (cache hit)
335 http cache @types/react-dom@https://registry.npmjs.org/@types/react-dom/-/react-dom-19.2.3.tgz 0ms (cache hit)
336 http cache @types/node@https://registry.npmjs.org/@types/node/-/node-20.19.39.tgz 0ms (cache hit)
337 http cache @types/json-schema@https://registry.npmjs.org/@types/json-schema/-/json-schema-7.0.15.tgz 0ms (cache hit)
338 http cache @tailwindcss/postcss@https://registry.npmjs.org/@tailwindcss/postcss/-/postcss-4.2.4.tgz 0ms (cache hit)
339 http cache @swc/types@https://registry.npmjs.org/@swc/types/-/types-0.1.26.tgz 0ms (cache hit)
340 http cache @tailwindcss/oxide-win32-x64-msvc@https://registry.npmjs.org/@tailwindcss/oxide-win32-x64-msvc/-/oxide-win32-x64-msvc-4.2.4.tgz 0ms (cache hit)
341 http cache @swc/helpers@https://registry.npmjs.org/@swc/helpers/-/helpers-0.5.21.tgz 0ms (cache hit)
342 http cache @tailwindcss/node@https://registry.npmjs.org/@tailwindcss/node/-/node-4.2.4.tgz 0ms (cache hit)
343 http cache @types/json5@https://registry.npmjs.org/@types/json5/-/json5-0.0.29.tgz 0ms (cache hit)
344 http cache @tailwindcss/oxide@https://registry.npmjs.org/@tailwindcss/oxide/-/oxide-4.2.4.tgz 0ms (cache hit)
345 http cache @schummar/icu-type-parser@https://registry.npmjs.org/@schummar/icu-type-parser/-/icu-type-parser-1.21.5.tgz 0ms (cache hit)
346 http cache @swc/core-win32-x64-msvc@https://registry.npmjs.org/@swc/core-win32-x64-msvc/-/core-win32-x64-msvc-1.15.33.tgz 0ms (cache hit)
347 http cache @radix-ui/react-use-escape-keydown@https://registry.npmjs.org/@radix-ui/react-use-escape-keydown/-/react-use-escape-keydown-1.1.1.tgz 0ms (cache hit)
348 http cache @types/estree@https://registry.npmjs.org/@types/estree/-/estree-1.0.9.tgz 0ms (cache hit)
349 http cache @rtsao/scc@https://registry.npmjs.org/@rtsao/scc/-/scc-1.1.0.tgz 0ms (cache hit)
350 http cache @radix-ui/react-use-layout-effect@https://registry.npmjs.org/@radix-ui/react-use-layout-effect/-/react-use-layout-effect-1.1.1.tgz 0ms (cache hit)
351 http cache @radix-ui/react-use-controllable-state@https://registry.npmjs.org/@radix-ui/react-use-controllable-state/-/react-use-controllable-state-1.2.2.tgz 0ms (cache hit)
352 http cache @radix-ui/react-use-effect-event@https://registry.npmjs.org/@radix-ui/react-use-effect-event/-/react-use-effect-event-0.0.2.tgz 0ms (cache hit)
353 http cache @radix-ui/react-use-callback-ref@https://registry.npmjs.org/@radix-ui/react-use-callback-ref/-/react-use-callback-ref-1.1.1.tgz 0ms (cache hit)
354 http cache @radix-ui/react-portal@https://registry.npmjs.org/@radix-ui/react-portal/-/react-portal-1.1.9.tgz 0ms (cache hit)
355 http cache @radix-ui/react-primitive@https://registry.npmjs.org/@radix-ui/react-primitive/-/react-primitive-2.1.3.tgz 0ms (cache hit)
356 http cache @radix-ui/react-presence@https://registry.npmjs.org/@radix-ui/react-presence/-/react-presence-1.1.5.tgz 0ms (cache hit)
357 http cache @radix-ui/react-focus-scope@https://registry.npmjs.org/@radix-ui/react-focus-scope/-/react-focus-scope-1.1.7.tgz 0ms (cache hit)
358 http cache @radix-ui/react-id@https://registry.npmjs.org/@radix-ui/react-id/-/react-id-1.1.1.tgz 0ms (cache hit)
359 http cache @radix-ui/react-slot@https://registry.npmjs.org/@radix-ui/react-slot/-/react-slot-1.2.4.tgz 0ms (cache hit)
360 http cache @radix-ui/react-dismissable-layer@https://registry.npmjs.org/@radix-ui/react-dismissable-layer/-/react-dismissable-layer-1.1.11.tgz 0ms (cache hit)
361 http cache @radix-ui/react-compose-refs@https://registry.npmjs.org/@radix-ui/react-compose-refs/-/react-compose-refs-1.1.2.tgz 0ms (cache hit)
362 http cache @radix-ui/react-collapsible@https://registry.npmjs.org/@radix-ui/react-collapsible/-/react-collapsible-1.1.12.tgz 0ms (cache hit)
363 http cache @radix-ui/react-context@https://registry.npmjs.org/@radix-ui/react-context/-/react-context-1.1.2.tgz 0ms (cache hit)
364 http cache @radix-ui/react-direction@https://registry.npmjs.org/@radix-ui/react-direction/-/react-direction-1.1.1.tgz 0ms (cache hit)
365 http cache @radix-ui/react-focus-guards@https://registry.npmjs.org/@radix-ui/react-focus-guards/-/react-focus-guards-1.1.3.tgz 0ms (cache hit)
366 http cache @radix-ui/primitive@https://registry.npmjs.org/@radix-ui/primitive/-/primitive-1.1.3.tgz 0ms (cache hit)
367 http cache @radix-ui/react-dialog@https://registry.npmjs.org/@radix-ui/react-dialog/-/react-dialog-1.1.15.tgz 0ms (cache hit)
368 http cache @next/swc-win32-x64-msvc@https://registry.npmjs.org/@next/swc-win32-x64-msvc/-/swc-win32-x64-msvc-16.2.5.tgz 0ms (cache hit)
369 http cache @radix-ui/react-collection@https://registry.npmjs.org/@radix-ui/react-collection/-/react-collection-1.1.7.tgz 0ms (cache hit)
370 http cache @parcel/watcher@https://registry.npmjs.org/@parcel/watcher/-/watcher-2.5.6.tgz 0ms (cache hit)
371 http cache @nolyfill/is-core-module@https://registry.npmjs.org/@nolyfill/is-core-module/-/is-core-module-1.0.39.tgz 0ms (cache hit)
372 http cache @next/eslint-plugin-next@https://registry.npmjs.org/@next/eslint-plugin-next/-/eslint-plugin-next-16.2.5.tgz 0ms (cache hit)
373 http cache @radix-ui/react-accordion@https://registry.npmjs.org/@radix-ui/react-accordion/-/react-accordion-1.2.12.tgz 0ms (cache hit)
374 http cache @parcel/watcher-win32-x64@https://registry.npmjs.org/@parcel/watcher-win32-x64/-/watcher-win32-x64-2.5.6.tgz 0ms (cache hit)
375 http cache @next/env@https://registry.npmjs.org/@next/env/-/env-16.2.5.tgz 0ms (cache hit)
376 http cache @humanfs/types@https://registry.npmjs.org/@humanfs/types/-/types-0.15.0.tgz 0ms (cache hit)
377 http cache @humanwhocodes/module-importer@https://registry.npmjs.org/@humanwhocodes/module-importer/-/module-importer-1.0.1.tgz 0ms (cache hit)
378 http cache @img/sharp-win32-x64@https://registry.npmjs.org/@img/sharp-win32-x64/-/sharp-win32-x64-0.34.5.tgz 0ms (cache hit)
379 http cache @humanwhocodes/retry@https://registry.npmjs.org/@humanwhocodes/retry/-/retry-0.4.3.tgz 0ms (cache hit)
380 http cache @eslint-community/regexpp@https://registry.npmjs.org/@eslint-community/regexpp/-/regexpp-4.12.2.tgz 0ms (cache hit)
381 http cache @humanfs/node@https://registry.npmjs.org/@humanfs/node/-/node-0.16.8.tgz 0ms (cache hit)
382 http cache @eslint-community/eslint-utils@https://registry.npmjs.org/@eslint-community/eslint-utils/-/eslint-utils-4.9.1.tgz 0ms (cache hit)
383 http cache @img/colour@https://registry.npmjs.org/@img/colour/-/colour-1.1.0.tgz 0ms (cache hit)
384 http cache @humanfs/core@https://registry.npmjs.org/@humanfs/core/-/core-0.19.2.tgz 0ms (cache hit)
385 http cache @formatjs/intl-localematcher@https://registry.npmjs.org/@formatjs/intl-localematcher/-/intl-localematcher-0.8.6.tgz 0ms (cache hit)
386 http cache @formatjs/icu-skeleton-parser@https://registry.npmjs.org/@formatjs/icu-skeleton-parser/-/icu-skeleton-parser-2.1.7.tgz 0ms (cache hit)
387 http cache @eslint/js@https://registry.npmjs.org/@eslint/js/-/js-9.39.4.tgz 0ms (cache hit)
388 http cache @eslint/object-schema@https://registry.npmjs.org/@eslint/object-schema/-/object-schema-2.1.7.tgz 0ms (cache hit)
389 http cache @formatjs/icu-messageformat-parser@https://registry.npmjs.org/@formatjs/icu-messageformat-parser/-/icu-messageformat-parser-3.5.7.tgz 0ms (cache hit)
390 http cache @formatjs/fast-memoize@https://registry.npmjs.org/@formatjs/fast-memoize/-/fast-memoize-3.1.4.tgz 0ms (cache hit)
391 http cache zod-validation-error@https://registry.npmjs.org/zod-validation-error/-/zod-validation-error-4.0.2.tgz 0ms (cache hit)
392 http cache @eslint/plugin-kit@https://registry.npmjs.org/@eslint/plugin-kit/-/plugin-kit-0.4.1.tgz 0ms (cache hit)
393 http cache @eslint/config-helpers@https://registry.npmjs.org/@eslint/config-helpers/-/config-helpers-0.4.2.tgz 0ms (cache hit)
394 http cache @eslint/config-array@https://registry.npmjs.org/@eslint/config-array/-/config-array-0.21.2.tgz 0ms (cache hit)
395 http cache @eslint/core@https://registry.npmjs.org/@eslint/core/-/core-0.17.0.tgz 0ms (cache hit)
396 http cache zod@https://registry.npmjs.org/zod/-/zod-4.4.3.tgz 0ms (cache hit)
397 http cache yocto-queue@https://registry.npmjs.org/yocto-queue/-/yocto-queue-0.1.0.tgz 0ms (cache hit)
398 http cache which-collection@https://registry.npmjs.org/which-collection/-/which-collection-1.0.2.tgz 0ms (cache hit)
399 http cache @eslint/eslintrc@https://registry.npmjs.org/@eslint/eslintrc/-/eslintrc-3.3.5.tgz 0ms (cache hit)
400 http cache which-typed-array@https://registry.npmjs.org/which-typed-array/-/which-typed-array-1.1.20.tgz 0ms (cache hit)
401 http cache word-wrap@https://registry.npmjs.org/word-wrap/-/word-wrap-1.2.5.tgz 0ms (cache hit)
402 http cache which-boxed-primitive@https://registry.npmjs.org/which-boxed-primitive/-/which-boxed-primitive-1.1.1.tgz 0ms (cache hit)
403 http cache use-intl@https://registry.npmjs.org/use-intl/-/use-intl-4.11.0.tgz 0ms (cache hit)
404 http cache use-callback-ref@https://registry.npmjs.org/use-callback-ref/-/use-callback-ref-1.3.3.tgz 0ms (cache hit)
405 http cache use-sidecar@https://registry.npmjs.org/use-sidecar/-/use-sidecar-1.1.3.tgz 0ms (cache hit)
406 http cache uri-js@https://registry.npmjs.org/uri-js/-/uri-js-4.4.1.tgz 0ms (cache hit)
407 http cache unrs-resolver@https://registry.npmjs.org/unrs-resolver/-/unrs-resolver-1.11.1.tgz 0ms (cache hit)
408 http cache typescript-eslint@https://registry.npmjs.org/typescript-eslint/-/typescript-eslint-8.59.2.tgz 0ms (cache hit)
409 http cache unbox-primitive@https://registry.npmjs.org/unbox-primitive/-/unbox-primitive-1.1.0.tgz 0ms (cache hit)
410 http cache typed-array-length@https://registry.npmjs.org/typed-array-length/-/typed-array-length-1.0.7.tgz 0ms (cache hit)
411 http cache typed-array-byte-length@https://registry.npmjs.org/typed-array-byte-length/-/typed-array-byte-length-1.0.3.tgz 0ms (cache hit)
412 http cache typed-array-buffer@https://registry.npmjs.org/typed-array-buffer/-/typed-array-buffer-1.0.3.tgz 0ms (cache hit)
413 http cache type-check@https://registry.npmjs.org/type-check/-/type-check-0.4.0.tgz 0ms (cache hit)
414 http cache which-builtin-type@https://registry.npmjs.org/which-builtin-type/-/which-builtin-type-1.2.1.tgz 0ms (cache hit)
415 http cache typed-array-byte-offset@https://registry.npmjs.org/typed-array-byte-offset/-/typed-array-byte-offset-1.0.4.tgz 0ms (cache hit)
416 http cache tapable@https://registry.npmjs.org/tapable/-/tapable-2.3.3.tgz 0ms (cache hit)
417 http cache ts-api-utils@https://registry.npmjs.org/ts-api-utils/-/ts-api-utils-2.5.0.tgz 0ms (cache hit)
418 http cache styled-jsx@https://registry.npmjs.org/styled-jsx/-/styled-jsx-5.1.6.tgz 0ms (cache hit)
419 http cache tsconfig-paths@https://registry.npmjs.org/tsconfig-paths/-/tsconfig-paths-3.15.0.tgz 0ms (cache hit)
420 http cache tailwind-merge@https://registry.npmjs.org/tailwind-merge/-/tailwind-merge-3.5.0.tgz 0ms (cache hit)
421 http cache supports-color@https://registry.npmjs.org/supports-color/-/supports-color-7.2.0.tgz 0ms (cache hit)
422 http cache string.prototype.trimstart@https://registry.npmjs.org/string.prototype.trimstart/-/string.prototype.trimstart-1.0.8.tgz 0ms (cache hit)
423 http cache tailwindcss@https://registry.npmjs.org/tailwindcss/-/tailwindcss-4.2.4.tgz 0ms (cache hit)
424 http cache string.prototype.trimend@https://registry.npmjs.org/string.prototype.trimend/-/string.prototype.trimend-1.0.9.tgz 0ms (cache hit)
425 http cache string.prototype.repeat@https://registry.npmjs.org/string.prototype.repeat/-/string.prototype.repeat-1.0.0.tgz 0ms (cache hit)
426 http cache string.prototype.includes@https://registry.npmjs.org/string.prototype.includes/-/string.prototype.includes-2.0.1.tgz 0ms (cache hit)
427 http cache string.prototype.matchall@https://registry.npmjs.org/string.prototype.matchall/-/string.prototype.matchall-4.0.12.tgz 0ms (cache hit)
428 http cache stop-iteration-iterator@https://registry.npmjs.org/stop-iteration-iterator/-/stop-iteration-iterator-1.1.0.tgz 0ms (cache hit)
429 http cache string.prototype.trim@https://registry.npmjs.org/string.prototype.trim/-/string.prototype.trim-1.2.10.tgz 0ms (cache hit)
430 http cache strip-json-comments@https://registry.npmjs.org/strip-json-comments/-/strip-json-comments-3.1.1.tgz 0ms (cache hit)
431 http cache set-proto@https://registry.npmjs.org/set-proto/-/set-proto-1.0.0.tgz 0ms (cache hit)
432 http cache set-function-name@https://registry.npmjs.org/set-function-name/-/set-function-name-2.0.2.tgz 0ms (cache hit)
433 http cache scheduler@https://registry.npmjs.org/scheduler/-/scheduler-0.27.0.tgz 0ms (cache hit)
434 http cache sharp@https://registry.npmjs.org/sharp/-/sharp-0.34.5.tgz 0ms (cache hit)
435 http cache set-function-length@https://registry.npmjs.org/set-function-length/-/set-function-length-1.2.2.tgz 0ms (cache hit)
436 http cache safe-regex-test@https://registry.npmjs.org/safe-regex-test/-/safe-regex-test-1.1.0.tgz 0ms (cache hit)
437 http cache stable-hash@https://registry.npmjs.org/stable-hash/-/stable-hash-0.0.5.tgz 0ms (cache hit)
438 http cache resolve@https://registry.npmjs.org/resolve/-/resolve-2.0.0-next.6.tgz 0ms (cache hit)
439 http cache safe-push-apply@https://registry.npmjs.org/safe-push-apply/-/safe-push-apply-1.0.0.tgz 0ms (cache hit)
440 http cache resolve-pkg-maps@https://registry.npmjs.org/resolve-pkg-maps/-/resolve-pkg-maps-1.0.0.tgz 0ms (cache hit)
441 http cache reflect.getprototypeof@https://registry.npmjs.org/reflect.getprototypeof/-/reflect.getprototypeof-1.0.10.tgz 0ms (cache hit)
442 http cache safe-array-concat@https://registry.npmjs.org/safe-array-concat/-/safe-array-concat-1.1.4.tgz 0ms (cache hit)
443 http cache react-remove-scroll-bar@https://registry.npmjs.org/react-remove-scroll-bar/-/react-remove-scroll-bar-2.3.8.tgz 0ms (cache hit)
444 http cache react-remove-scroll@https://registry.npmjs.org/react-remove-scroll/-/react-remove-scroll-2.7.2.tgz 0ms (cache hit)
445 http cache react-style-singleton@https://registry.npmjs.org/react-style-singleton/-/react-style-singleton-2.2.3.tgz 0ms (cache hit)
446 http cache react-is@https://registry.npmjs.org/react-is/-/react-is-16.13.1.tgz 0ms (cache hit)
447 http cache react-dom@https://registry.npmjs.org/react-dom/-/react-dom-19.2.4.tgz 0ms (cache hit)
448 http cache regexp.prototype.flags@https://registry.npmjs.org/regexp.prototype.flags/-/regexp.prototype.flags-1.5.4.tgz 0ms (cache hit)
449 http cache react@https://registry.npmjs.org/react/-/react-19.2.4.tgz 0ms (cache hit)
450 http cache prop-types@https://registry.npmjs.org/prop-types/-/prop-types-15.8.1.tgz 0ms (cache hit)
451 http cache punycode@https://registry.npmjs.org/punycode/-/punycode-2.3.1.tgz 0ms (cache hit)
452 http cache po-parser@https://registry.npmjs.org/po-parser/-/po-parser-2.1.1.tgz 0ms (cache hit)
453 http cache prelude-ls@https://registry.npmjs.org/prelude-ls/-/prelude-ls-1.2.1.tgz 0ms (cache hit)
454 http cache possible-typed-array-names@https://registry.npmjs.org/possible-typed-array-names/-/possible-typed-array-names-1.1.0.tgz 0ms (cache hit)
455 http cache path-exists@https://registry.npmjs.org/path-exists/-/path-exists-4.0.0.tgz 0ms (cache hit)
456 http cache p-locate@https://registry.npmjs.org/p-locate/-/p-locate-5.0.0.tgz 0ms (cache hit)
457 http cache p-limit@https://registry.npmjs.org/p-limit/-/p-limit-3.1.0.tgz 0ms (cache hit)
458 http cache own-keys@https://registry.npmjs.org/own-keys/-/own-keys-1.0.1.tgz 0ms (cache hit)
459 http cache optionator@https://registry.npmjs.org/optionator/-/optionator-0.9.4.tgz 0ms (cache hit)
460 http cache object.values@https://registry.npmjs.org/object.values/-/object.values-1.2.1.tgz 0ms (cache hit)
461 http cache object.fromentries@https://registry.npmjs.org/object.fromentries/-/object.fromentries-2.0.8.tgz 0ms (cache hit)
462 http cache object.entries@https://registry.npmjs.org/object.entries/-/object.entries-1.1.9.tgz 0ms (cache hit)
463 http cache object.groupby@https://registry.npmjs.org/object.groupby/-/object.groupby-1.0.3.tgz 0ms (cache hit)
464 http cache nodemailer@https://registry.npmjs.org/nodemailer/-/nodemailer-8.0.7.tgz 0ms (cache hit)
465 http cache node-exports-info@https://registry.npmjs.org/node-exports-info/-/node-exports-info-1.6.0.tgz 0ms (cache hit)
466 http cache object-keys@https://registry.npmjs.org/object-keys/-/object-keys-1.1.1.tgz 0ms (cache hit)
467 http cache node-addon-api@https://registry.npmjs.org/node-addon-api/-/node-addon-api-7.1.1.tgz 0ms (cache hit)
468 http cache object.assign@https://registry.npmjs.org/object.assign/-/object.assign-4.1.7.tgz 0ms (cache hit)
469 http cache natural-compare@https://registry.npmjs.org/natural-compare/-/natural-compare-1.4.0.tgz 0ms (cache hit)
470 http cache next-intl-swc-plugin-extractor@https://registry.npmjs.org/next-intl-swc-plugin-extractor/-/next-intl-swc-plugin-extractor-4.11.0.tgz 0ms (cache hit)
471 http cache napi-postinstall@https://registry.npmjs.org/napi-postinstall/-/napi-postinstall-0.3.4.tgz 0ms (cache hit)
472 http cache motion-utils@https://registry.npmjs.org/motion-utils/-/motion-utils-12.36.0.tgz 0ms (cache hit)
473 http cache motion-dom@https://registry.npmjs.org/motion-dom/-/motion-dom-12.38.0.tgz 0ms (cache hit)
474 http cache minimatch@https://registry.npmjs.org/minimatch/-/minimatch-3.1.5.tgz 0ms (cache hit)
475 http cache next-intl@https://registry.npmjs.org/next-intl/-/next-intl-4.11.0.tgz 0ms (cache hit)
476 http cache next@https://registry.npmjs.org/next/-/next-16.2.5.tgz 0ms (cache hit)
477 http cache magic-string@https://registry.npmjs.org/magic-string/-/magic-string-0.30.21.tgz 0ms (cache hit)
478 http cache lodash.merge@https://registry.npmjs.org/lodash.merge/-/lodash.merge-4.6.2.tgz 0ms (cache hit)
479 http cache locate-path@https://registry.npmjs.org/locate-path/-/locate-path-6.0.0.tgz 0ms (cache hit)
480 http cache lightningcss@https://registry.npmjs.org/lightningcss/-/lightningcss-1.32.0.tgz 0ms (cache hit)
481 http cache lucide-react@https://registry.npmjs.org/lucide-react/-/lucide-react-1.14.0.tgz 0ms (cache hit)
482 http cache lightningcss-win32-x64-msvc@https://registry.npmjs.org/lightningcss-win32-x64-msvc/-/lightningcss-win32-x64-msvc-1.32.0.tgz 0ms (cache hit)
483 http cache levn@https://registry.npmjs.org/levn/-/levn-0.4.1.tgz 0ms (cache hit)
484 http cache language-tags@https://registry.npmjs.org/language-tags/-/language-tags-1.0.9.tgz 0ms (cache hit)
485 http cache json-schema-traverse@https://registry.npmjs.org/json-schema-traverse/-/json-schema-traverse-0.4.1.tgz 0ms (cache hit)
486 http cache language-subtag-registry@https://registry.npmjs.org/language-subtag-registry/-/language-subtag-registry-0.3.23.tgz 0ms (cache hit)
487 http cache keyv@https://registry.npmjs.org/keyv/-/keyv-4.5.4.tgz 0ms (cache hit)
488 http cache json-stable-stringify-without-jsonify@https://registry.npmjs.org/json-stable-stringify-without-jsonify/-/json-stable-stringify-without-jsonify-1.0.1.tgz 0ms (cache hit)
489 http cache jiti@https://registry.npmjs.org/jiti/-/jiti-2.7.0.tgz 0ms (cache hit)
490 http cache iterator.prototype@https://registry.npmjs.org/iterator.prototype/-/iterator.prototype-1.1.5.tgz 0ms (cache hit)
491 http cache jsx-ast-utils@https://registry.npmjs.org/jsx-ast-utils/-/jsx-ast-utils-3.3.5.tgz 0ms (cache hit)
492 http cache isarray@https://registry.npmjs.org/isarray/-/isarray-2.0.5.tgz 0ms (cache hit)
493 http cache is-weakset@https://registry.npmjs.org/is-weakset/-/is-weakset-2.0.4.tgz 0ms (cache hit)
494 http cache json-buffer@https://registry.npmjs.org/json-buffer/-/json-buffer-3.0.1.tgz 0ms (cache hit)
495 http cache is-weakmap@https://registry.npmjs.org/is-weakmap/-/is-weakmap-2.0.2.tgz 0ms (cache hit)
496 http cache is-typed-array@https://registry.npmjs.org/is-typed-array/-/is-typed-array-1.1.15.tgz 0ms (cache hit)
497 http cache is-symbol@https://registry.npmjs.org/is-symbol/-/is-symbol-1.1.1.tgz 0ms (cache hit)
498 http cache is-string@https://registry.npmjs.org/is-string/-/is-string-1.1.1.tgz 0ms (cache hit)
499 http cache is-weakref@https://registry.npmjs.org/is-weakref/-/is-weakref-1.1.1.tgz 0ms (cache hit)
500 http cache is-shared-array-buffer@https://registry.npmjs.org/is-shared-array-buffer/-/is-shared-array-buffer-1.0.4.tgz 0ms (cache hit)
501 http cache is-set@https://registry.npmjs.org/is-set/-/is-set-2.0.3.tgz 0ms (cache hit)
502 http cache is-map@https://registry.npmjs.org/is-map/-/is-map-2.0.3.tgz 0ms (cache hit)
503 http cache is-generator-function@https://registry.npmjs.org/is-generator-function/-/is-generator-function-1.1.2.tgz 0ms (cache hit)
504 http cache is-negative-zero@https://registry.npmjs.org/is-negative-zero/-/is-negative-zero-2.0.3.tgz 0ms (cache hit)
505 http cache is-number-object@https://registry.npmjs.org/is-number-object/-/is-number-object-1.1.1.tgz 0ms (cache hit)
506 http cache is-regex@https://registry.npmjs.org/is-regex/-/is-regex-1.2.1.tgz 0ms (cache hit)
507 http cache is-date-object@https://registry.npmjs.org/is-date-object/-/is-date-object-1.1.0.tgz 0ms (cache hit)
508 http cache is-callable@https://registry.npmjs.org/is-callable/-/is-callable-1.2.7.tgz 0ms (cache hit)
509 http cache is-boolean-object@https://registry.npmjs.org/is-boolean-object/-/is-boolean-object-1.2.2.tgz 0ms (cache hit)
510 http cache is-bigint@https://registry.npmjs.org/is-bigint/-/is-bigint-1.1.0.tgz 0ms (cache hit)
511 http cache is-data-view@https://registry.npmjs.org/is-data-view/-/is-data-view-1.0.2.tgz 0ms (cache hit)
512 http cache intl-messageformat@https://registry.npmjs.org/intl-messageformat/-/intl-messageformat-11.2.4.tgz 0ms (cache hit)
513 http cache is-finalizationregistry@https://registry.npmjs.org/is-finalizationregistry/-/is-finalizationregistry-1.1.1.tgz 0ms (cache hit)
514 http cache is-array-buffer@https://registry.npmjs.org/is-array-buffer/-/is-array-buffer-3.0.5.tgz 0ms (cache hit)
515 http cache internal-slot@https://registry.npmjs.org/internal-slot/-/internal-slot-1.1.0.tgz 0ms (cache hit)
516 http cache imurmurhash@https://registry.npmjs.org/imurmurhash/-/imurmurhash-0.1.4.tgz 0ms (cache hit)
517 http cache is-bun-module@https://registry.npmjs.org/is-bun-module/-/is-bun-module-2.0.0.tgz 0ms (cache hit)
518 http cache icu-minify@https://registry.npmjs.org/icu-minify/-/icu-minify-4.11.0.tgz 0ms (cache hit)
519 http cache hermes-parser@https://registry.npmjs.org/hermes-parser/-/hermes-parser-0.25.1.tgz 0ms (cache hit)
520 http cache is-async-function@https://registry.npmjs.org/is-async-function/-/is-async-function-2.1.1.tgz 0ms (cache hit)
521 http cache hermes-estree@https://registry.npmjs.org/hermes-estree/-/hermes-estree-0.25.1.tgz 0ms (cache hit)
522 http cache has-property-descriptors@https://registry.npmjs.org/has-property-descriptors/-/has-property-descriptors-1.0.2.tgz 0ms (cache hit)
523 http cache has-proto@https://registry.npmjs.org/has-proto/-/has-proto-1.2.0.tgz 0ms (cache hit)
524 http cache globals@https://registry.npmjs.org/globals/-/globals-14.0.0.tgz 0ms (cache hit)
525 http cache has-flag@https://registry.npmjs.org/has-flag/-/has-flag-4.0.0.tgz 0ms (cache hit)
526 http cache globalthis@https://registry.npmjs.org/globalthis/-/globalthis-1.0.4.tgz 0ms (cache hit)
527 http cache has-tostringtag@https://registry.npmjs.org/has-tostringtag/-/has-tostringtag-1.0.2.tgz 0ms (cache hit)
528 http cache has-bigints@https://registry.npmjs.org/has-bigints/-/has-bigints-1.1.0.tgz 0ms (cache hit)
529 http cache get-tsconfig@https://registry.npmjs.org/get-tsconfig/-/get-tsconfig-4.14.0.tgz 0ms (cache hit)
530 http cache functions-have-names@https://registry.npmjs.org/functions-have-names/-/functions-have-names-1.2.3.tgz 0ms (cache hit)
531 http cache get-symbol-description@https://registry.npmjs.org/get-symbol-description/-/get-symbol-description-1.1.0.tgz 0ms (cache hit)
532 http cache generator-function@https://registry.npmjs.org/generator-function/-/generator-function-2.0.1.tgz 0ms (cache hit)
533 http cache get-nonce@https://registry.npmjs.org/get-nonce/-/get-nonce-1.0.1.tgz 0ms (cache hit)
534 http cache function.prototype.name@https://registry.npmjs.org/function.prototype.name/-/function.prototype.name-1.1.8.tgz 0ms (cache hit)
535 http cache for-each@https://registry.npmjs.org/for-each/-/for-each-0.3.5.tgz 0ms (cache hit)
536 http cache framer-motion@https://registry.npmjs.org/framer-motion/-/framer-motion-12.38.0.tgz 0ms (cache hit)
537 http cache flat-cache@https://registry.npmjs.org/flat-cache/-/flat-cache-4.0.1.tgz 0ms (cache hit)
538 http cache find-up@https://registry.npmjs.org/find-up/-/find-up-5.0.0.tgz 0ms (cache hit)
539 http cache file-entry-cache@https://registry.npmjs.org/file-entry-cache/-/file-entry-cache-8.0.0.tgz 0ms (cache hit)
540 http cache fast-levenshtein@https://registry.npmjs.org/fast-levenshtein/-/fast-levenshtein-2.0.6.tgz 0ms (cache hit)
541 http cache fast-json-stable-stringify@https://registry.npmjs.org/fast-json-stable-stringify/-/fast-json-stable-stringify-2.1.0.tgz 0ms (cache hit)
542 http cache fast-glob@https://registry.npmjs.org/fast-glob/-/fast-glob-3.3.1.tgz 0ms (cache hit)
543 http cache esquery@https://registry.npmjs.org/esquery/-/esquery-1.7.0.tgz 0ms (cache hit)
544 http cache esrecurse@https://registry.npmjs.org/esrecurse/-/esrecurse-4.3.0.tgz 0ms (cache hit)
545 http cache espree@https://registry.npmjs.org/espree/-/espree-10.4.0.tgz 0ms (cache hit)
546 http cache flatted@https://registry.npmjs.org/flatted/-/flatted-3.4.2.tgz 0ms (cache hit)
547 http cache eslint-plugin-react-hooks@https://registry.npmjs.org/eslint-plugin-react-hooks/-/eslint-plugin-react-hooks-7.1.1.tgz 0ms (cache hit)
548 http cache eslint-plugin-react@https://registry.npmjs.org/eslint-plugin-react/-/eslint-plugin-react-7.37.5.tgz 0ms (cache hit)
549 http cache eslint-plugin-jsx-a11y@https://registry.npmjs.org/eslint-plugin-jsx-a11y/-/eslint-plugin-jsx-a11y-6.10.2.tgz 0ms (cache hit)
550 http cache eslint-scope@https://registry.npmjs.org/eslint-scope/-/eslint-scope-8.4.0.tgz 0ms (cache hit)
551 http cache eslint-visitor-keys@https://registry.npmjs.org/eslint-visitor-keys/-/eslint-visitor-keys-4.2.1.tgz 0ms (cache hit)
552 http cache eslint-module-utils@https://registry.npmjs.org/eslint-module-utils/-/eslint-module-utils-2.12.1.tgz 0ms (cache hit)
553 http cache eslint-plugin-import@https://registry.npmjs.org/eslint-plugin-import/-/eslint-plugin-import-2.32.0.tgz 0ms (cache hit)
554 http cache eslint-import-resolver-typescript@https://registry.npmjs.org/eslint-import-resolver-typescript/-/eslint-import-resolver-typescript-3.10.1.tgz 0ms (cache hit)
555 http cache eslint-import-resolver-node@https://registry.npmjs.org/eslint-import-resolver-node/-/eslint-import-resolver-node-0.3.10.tgz 0ms (cache hit)
556 http cache escape-string-regexp@https://registry.npmjs.org/escape-string-regexp/-/escape-string-regexp-4.0.0.tgz 0ms (cache hit)
557 http cache eslint-config-next@https://registry.npmjs.org/eslint-config-next/-/eslint-config-next-16.2.5.tgz 0ms (cache hit)
558 http cache eslint@https://registry.npmjs.org/eslint/-/eslint-9.39.4.tgz 0ms (cache hit)
559 http cache es-shim-unscopables@https://registry.npmjs.org/es-shim-unscopables/-/es-shim-unscopables-1.1.0.tgz 0ms (cache hit)
560 http cache es-iterator-helpers@https://registry.npmjs.org/es-iterator-helpers/-/es-iterator-helpers-1.3.2.tgz 0ms (cache hit)
561 http cache es-to-primitive@https://registry.npmjs.org/es-to-primitive/-/es-to-primitive-1.3.0.tgz 0ms (cache hit)
562 http cache emoji-regex@https://registry.npmjs.org/emoji-regex/-/emoji-regex-9.2.2.tgz 0ms (cache hit)
563 http cache es-set-tostringtag@https://registry.npmjs.org/es-set-tostringtag/-/es-set-tostringtag-2.1.0.tgz 0ms (cache hit)
564 http cache electron-to-chromium@https://registry.npmjs.org/electron-to-chromium/-/electron-to-chromium-1.5.352.tgz 0ms (cache hit)
565 http cache es-abstract@https://registry.npmjs.org/es-abstract/-/es-abstract-1.24.2.tgz 0ms (cache hit)
566 http cache enhanced-resolve@https://registry.npmjs.org/enhanced-resolve/-/enhanced-resolve-5.21.0.tgz 0ms (cache hit)
567 http cache detect-node-es@https://registry.npmjs.org/detect-node-es/-/detect-node-es-1.1.0.tgz 0ms (cache hit)
568 http cache doctrine@https://registry.npmjs.org/doctrine/-/doctrine-2.1.0.tgz 0ms (cache hit)
569 http cache define-data-property@https://registry.npmjs.org/define-data-property/-/define-data-property-1.1.4.tgz 0ms (cache hit)
570 http cache detect-libc@https://registry.npmjs.org/detect-libc/-/detect-libc-2.1.2.tgz 0ms (cache hit)
571 http cache data-view-byte-offset@https://registry.npmjs.org/data-view-byte-offset/-/data-view-byte-offset-1.0.1.tgz 0ms (cache hit)
572 http cache deep-is@https://registry.npmjs.org/deep-is/-/deep-is-0.1.4.tgz 0ms (cache hit)
573 http cache concat-map@https://registry.npmjs.org/concat-map/-/concat-map-0.0.1.tgz 0ms (cache hit)
574 http cache damerau-levenshtein@https://registry.npmjs.org/damerau-levenshtein/-/damerau-levenshtein-1.0.8.tgz 0ms (cache hit)
575 http cache data-view-byte-length@https://registry.npmjs.org/data-view-byte-length/-/data-view-byte-length-1.0.2.tgz 0ms (cache hit)
576 http cache clsx@https://registry.npmjs.org/clsx/-/clsx-2.1.1.tgz 0ms (cache hit)
577 http cache define-properties@https://registry.npmjs.org/define-properties/-/define-properties-1.2.1.tgz 0ms (cache hit)
578 http cache data-view-buffer@https://registry.npmjs.org/data-view-buffer/-/data-view-buffer-1.0.2.tgz 0ms (cache hit)
579 http cache brace-expansion@https://registry.npmjs.org/brace-expansion/-/brace-expansion-1.1.14.tgz 0ms (cache hit)
580 http cache chalk@https://registry.npmjs.org/chalk/-/chalk-4.1.2.tgz 0ms (cache hit)
581 http cache balanced-match@https://registry.npmjs.org/balanced-match/-/balanced-match-1.0.2.tgz 0ms (cache hit)
582 http cache available-typed-arrays@https://registry.npmjs.org/available-typed-arrays/-/available-typed-arrays-1.0.7.tgz 0ms (cache hit)
583 http cache baseline-browser-mapping@https://registry.npmjs.org/baseline-browser-mapping/-/baseline-browser-mapping-2.10.27.tgz 0ms (cache hit)
584 http cache async-function@https://registry.npmjs.org/async-function/-/async-function-1.0.0.tgz 0ms (cache hit)
585 http cache call-bind@https://registry.npmjs.org/call-bind/-/call-bind-1.0.9.tgz 0ms (cache hit)
586 http cache axe-core@https://registry.npmjs.org/axe-core/-/axe-core-4.11.4.tgz 0ms (cache hit)
587 http cache arraybuffer.prototype.slice@https://registry.npmjs.org/arraybuffer.prototype.slice/-/arraybuffer.prototype.slice-1.0.4.tgz 0ms (cache hit)
588 http cache axobject-query@https://registry.npmjs.org/axobject-query/-/axobject-query-4.1.0.tgz 0ms (cache hit)
589 http cache array.prototype.flat@https://registry.npmjs.org/array.prototype.flat/-/array.prototype.flat-1.3.3.tgz 0ms (cache hit)
590 http cache array.prototype.findlast@https://registry.npmjs.org/array.prototype.findlast/-/array.prototype.findlast-1.2.5.tgz 0ms (cache hit)
591 http cache array.prototype.tosorted@https://registry.npmjs.org/array.prototype.tosorted/-/array.prototype.tosorted-1.1.4.tgz 0ms (cache hit)
592 http cache array.prototype.flatmap@https://registry.npmjs.org/array.prototype.flatmap/-/array.prototype.flatmap-1.3.3.tgz 0ms (cache hit)
593 http cache array.prototype.findlastindex@https://registry.npmjs.org/array.prototype.findlastindex/-/array.prototype.findlastindex-1.2.6.tgz 0ms (cache hit)
594 http cache ast-types-flow@https://registry.npmjs.org/ast-types-flow/-/ast-types-flow-0.0.8.tgz 0ms (cache hit)
595 http cache array-includes@https://registry.npmjs.org/array-includes/-/array-includes-3.1.9.tgz 0ms (cache hit)
596 http cache array-buffer-byte-length@https://registry.npmjs.org/array-buffer-byte-length/-/array-buffer-byte-length-1.0.2.tgz 0ms (cache hit)
597 http cache acorn-jsx@https://registry.npmjs.org/acorn-jsx/-/acorn-jsx-5.3.2.tgz 1ms (cache hit)
598 http cache ajv@https://registry.npmjs.org/ajv/-/ajv-6.15.0.tgz 0ms (cache hit)
599 http cache aria-hidden@https://registry.npmjs.org/aria-hidden/-/aria-hidden-1.2.6.tgz 0ms (cache hit)
600 http cache eslint-visitor-keys@https://registry.npmjs.org/eslint-visitor-keys/-/eslint-visitor-keys-5.0.1.tgz 0ms (cache hit)
601 http cache aria-query@https://registry.npmjs.org/aria-query/-/aria-query-5.3.2.tgz 0ms (cache hit)
602 http cache acorn@https://registry.npmjs.org/acorn/-/acorn-8.16.0.tgz 0ms (cache hit)
603 http cache semver@https://registry.npmjs.org/semver/-/semver-7.7.4.tgz 0ms (cache hit)
604 http cache ignore@https://registry.npmjs.org/ignore/-/ignore-7.0.5.tgz 0ms (cache hit)
605 http cache @radix-ui/react-slot@https://registry.npmjs.org/@radix-ui/react-slot/-/react-slot-1.2.3.tgz 0ms (cache hit)
606 http cache @radix-ui/react-slot@https://registry.npmjs.org/@radix-ui/react-slot/-/react-slot-1.2.3.tgz 0ms (cache hit)
607 http cache brace-expansion@https://registry.npmjs.org/brace-expansion/-/brace-expansion-5.0.5.tgz 0ms (cache hit)
608 http cache json5@https://registry.npmjs.org/json5/-/json5-1.0.2.tgz 0ms (cache hit)
609 http cache @radix-ui/react-slot@https://registry.npmjs.org/@radix-ui/react-slot/-/react-slot-1.2.3.tgz 0ms (cache hit)
610 http cache eslint-visitor-keys@https://registry.npmjs.org/eslint-visitor-keys/-/eslint-visitor-keys-3.4.3.tgz 0ms (cache hit)
611 http cache @swc/core@https://registry.npmjs.org/@swc/core/-/core-1.15.33.tgz 0ms (cache hit)
612 http cache semver@https://registry.npmjs.org/semver/-/semver-7.7.4.tgz 0ms (cache hit)
613 http cache semver@https://registry.npmjs.org/semver/-/semver-7.7.4.tgz 0ms (cache hit)
614 http cache @swc/helpers@https://registry.npmjs.org/@swc/helpers/-/helpers-0.5.15.tgz 0ms (cache hit)
615 http cache debug@https://registry.npmjs.org/debug/-/debug-3.2.7.tgz 0ms (cache hit)
616 http cache debug@https://registry.npmjs.org/debug/-/debug-3.2.7.tgz 0ms (cache hit)
617 silly tarball no local data for @babel/parser@https://registry.npmjs.org/@babel/parser/-/parser-7.29.3.tgz. Extracting by manifest.
618 silly tarball no local data for update-browserslist-db@https://registry.npmjs.org/update-browserslist-db/-/update-browserslist-db-1.2.3.tgz. Extracting by manifest.
619 silly tarball no local data for which@https://registry.npmjs.org/which/-/which-2.0.2.tgz. Extracting by manifest.
620 silly tarball no local data for typescript@https://registry.npmjs.org/typescript/-/typescript-5.9.3.tgz. Extracting by manifest.
621 silly tarball no local data for nanoid@https://registry.npmjs.org/nanoid/-/nanoid-3.3.12.tgz. Extracting by manifest.
622 silly tarball no local data for jsesc@https://registry.npmjs.org/jsesc/-/jsesc-3.1.0.tgz. Extracting by manifest.
623 silly tarball no local data for semver@https://registry.npmjs.org/semver/-/semver-6.3.1.tgz. Extracting by manifest.
624 silly tarball no local data for js-yaml@https://registry.npmjs.org/js-yaml/-/js-yaml-4.1.1.tgz. Extracting by manifest.
625 silly tarball no local data for json5@https://registry.npmjs.org/json5/-/json5-2.2.3.tgz. Extracting by manifest.
626 silly tarball no local data for @unrs/resolver-binding-win32-x64-msvc@https://registry.npmjs.org/@unrs/resolver-binding-win32-x64-msvc/-/resolver-binding-win32-x64-msvc-1.11.1.tgz. Extracting by manifest.
627 silly tarball no local data for @typescript-eslint/utils@https://registry.npmjs.org/@typescript-eslint/utils/-/utils-8.59.2.tgz. Extracting by manifest.
628 silly tarball no local data for loose-envify@https://registry.npmjs.org/loose-envify/-/loose-envify-1.4.0.tgz. Extracting by manifest.
629 silly tarball no local data for browserslist@https://registry.npmjs.org/browserslist/-/browserslist-4.28.2.tgz. Extracting by manifest.
630 silly tarball no local data for @typescript-eslint/visitor-keys@https://registry.npmjs.org/@typescript-eslint/visitor-keys/-/visitor-keys-8.59.2.tgz. Extracting by manifest.
631 silly tarball no local data for @typescript-eslint/typescript-estree@https://registry.npmjs.org/@typescript-eslint/typescript-estree/-/typescript-estree-8.59.2.tgz. Extracting by manifest.
632 silly tarball no local data for @typescript-eslint/types@https://registry.npmjs.org/@typescript-eslint/types/-/types-8.59.2.tgz. Extracting by manifest.
633 silly tarball no local data for @typescript-eslint/tsconfig-utils@https://registry.npmjs.org/@typescript-eslint/tsconfig-utils/-/tsconfig-utils-8.59.2.tgz. Extracting by manifest.
634 silly tarball no local data for @typescript-eslint/scope-manager@https://registry.npmjs.org/@typescript-eslint/scope-manager/-/scope-manager-8.59.2.tgz. Extracting by manifest.
635 silly tarball no local data for @typescript-eslint/project-service@https://registry.npmjs.org/@typescript-eslint/project-service/-/project-service-8.59.2.tgz. Extracting by manifest.
636 silly tarball no local data for @typescript-eslint/parser@https://registry.npmjs.org/@typescript-eslint/parser/-/parser-8.59.2.tgz. Extracting by manifest.
637 silly tarball no local data for @types/nodemailer@https://registry.npmjs.org/@types/nodemailer/-/nodemailer-8.0.0.tgz. Extracting by manifest.
638 silly tarball no local data for @typescript-eslint/type-utils@https://registry.npmjs.org/@typescript-eslint/type-utils/-/type-utils-8.59.2.tgz. Extracting by manifest.
639 silly tarball no local data for @typescript-eslint/eslint-plugin@https://registry.npmjs.org/@typescript-eslint/eslint-plugin/-/eslint-plugin-8.59.2.tgz. Extracting by manifest.
640 silly tarball no local data for @types/react@https://registry.npmjs.org/@types/react/-/react-19.2.14.tgz. Extracting by manifest.
641 silly tarball no local data for @types/react-dom@https://registry.npmjs.org/@types/react-dom/-/react-dom-19.2.3.tgz. Extracting by manifest.
642 http cache debug@https://registry.npmjs.org/debug/-/debug-3.2.7.tgz 0ms (cache hit)
643 silly tarball no local data for @types/node@https://registry.npmjs.org/@types/node/-/node-20.19.39.tgz. Extracting by manifest.
644 silly tarball no local data for @types/json-schema@https://registry.npmjs.org/@types/json-schema/-/json-schema-7.0.15.tgz. Extracting by manifest.
645 silly tarball no local data for @tailwindcss/postcss@https://registry.npmjs.org/@tailwindcss/postcss/-/postcss-4.2.4.tgz. Extracting by manifest.
646 http cache globals@https://registry.npmjs.org/globals/-/globals-16.4.0.tgz 0ms (cache hit)
647 silly tarball no local data for @swc/types@https://registry.npmjs.org/@swc/types/-/types-0.1.26.tgz. Extracting by manifest.
648 silly tarball no local data for @tailwindcss/oxide-win32-x64-msvc@https://registry.npmjs.org/@tailwindcss/oxide-win32-x64-msvc/-/oxide-win32-x64-msvc-4.2.4.tgz. Extracting by manifest.
649 silly tarball no local data for @swc/helpers@https://registry.npmjs.org/@swc/helpers/-/helpers-0.5.21.tgz. Extracting by manifest.
650 silly tarball no local data for @tailwindcss/node@https://registry.npmjs.org/@tailwindcss/node/-/node-4.2.4.tgz. Extracting by manifest.
651 silly tarball no local data for @types/json5@https://registry.npmjs.org/@types/json5/-/json5-0.0.29.tgz. Extracting by manifest.
652 silly tarball no local data for @tailwindcss/oxide@https://registry.npmjs.org/@tailwindcss/oxide/-/oxide-4.2.4.tgz. Extracting by manifest.
653 silly tarball no local data for @schummar/icu-type-parser@https://registry.npmjs.org/@schummar/icu-type-parser/-/icu-type-parser-1.21.5.tgz. Extracting by manifest.
654 silly tarball no local data for @swc/core-win32-x64-msvc@https://registry.npmjs.org/@swc/core-win32-x64-msvc/-/core-win32-x64-msvc-1.15.33.tgz. Extracting by manifest.
655 silly tarball no local data for @radix-ui/react-use-escape-keydown@https://registry.npmjs.org/@radix-ui/react-use-escape-keydown/-/react-use-escape-keydown-1.1.1.tgz. Extracting by manifest.
656 silly tarball no local data for @types/estree@https://registry.npmjs.org/@types/estree/-/estree-1.0.9.tgz. Extracting by manifest.
657 silly tarball no local data for @rtsao/scc@https://registry.npmjs.org/@rtsao/scc/-/scc-1.1.0.tgz. Extracting by manifest.
658 silly tarball no local data for @radix-ui/react-use-layout-effect@https://registry.npmjs.org/@radix-ui/react-use-layout-effect/-/react-use-layout-effect-1.1.1.tgz. Extracting by manifest.
659 silly tarball no local data for @radix-ui/react-use-controllable-state@https://registry.npmjs.org/@radix-ui/react-use-controllable-state/-/react-use-controllable-state-1.2.2.tgz. Extracting by manifest.
660 silly tarball no local data for @radix-ui/react-use-effect-event@https://registry.npmjs.org/@radix-ui/react-use-effect-event/-/react-use-effect-event-0.0.2.tgz. Extracting by manifest.
661 silly tarball no local data for @radix-ui/react-use-callback-ref@https://registry.npmjs.org/@radix-ui/react-use-callback-ref/-/react-use-callback-ref-1.1.1.tgz. Extracting by manifest.
662 silly tarball no local data for @radix-ui/react-portal@https://registry.npmjs.org/@radix-ui/react-portal/-/react-portal-1.1.9.tgz. Extracting by manifest.
663 silly tarball no local data for @radix-ui/react-primitive@https://registry.npmjs.org/@radix-ui/react-primitive/-/react-primitive-2.1.3.tgz. Extracting by manifest.
664 silly tarball no local data for @radix-ui/react-presence@https://registry.npmjs.org/@radix-ui/react-presence/-/react-presence-1.1.5.tgz. Extracting by manifest.
665 silly tarball no local data for @radix-ui/react-focus-scope@https://registry.npmjs.org/@radix-ui/react-focus-scope/-/react-focus-scope-1.1.7.tgz. Extracting by manifest.
666 silly tarball no local data for @radix-ui/react-id@https://registry.npmjs.org/@radix-ui/react-id/-/react-id-1.1.1.tgz. Extracting by manifest.
667 silly tarball no local data for @radix-ui/react-slot@https://registry.npmjs.org/@radix-ui/react-slot/-/react-slot-1.2.4.tgz. Extracting by manifest.
668 silly tarball no local data for @radix-ui/react-dismissable-layer@https://registry.npmjs.org/@radix-ui/react-dismissable-layer/-/react-dismissable-layer-1.1.11.tgz. Extracting by manifest.
669 silly tarball no local data for @radix-ui/react-compose-refs@https://registry.npmjs.org/@radix-ui/react-compose-refs/-/react-compose-refs-1.1.2.tgz. Extracting by manifest.
670 silly tarball no local data for @radix-ui/react-collapsible@https://registry.npmjs.org/@radix-ui/react-collapsible/-/react-collapsible-1.1.12.tgz. Extracting by manifest.
671 silly tarball no local data for @radix-ui/react-context@https://registry.npmjs.org/@radix-ui/react-context/-/react-context-1.1.2.tgz. Extracting by manifest.
672 silly tarball no local data for @radix-ui/react-direction@https://registry.npmjs.org/@radix-ui/react-direction/-/react-direction-1.1.1.tgz. Extracting by manifest.
673 silly tarball no local data for @radix-ui/react-focus-guards@https://registry.npmjs.org/@radix-ui/react-focus-guards/-/react-focus-guards-1.1.3.tgz. Extracting by manifest.
674 silly tarball no local data for @radix-ui/primitive@https://registry.npmjs.org/@radix-ui/primitive/-/primitive-1.1.3.tgz. Extracting by manifest.
675 silly tarball no local data for @radix-ui/react-dialog@https://registry.npmjs.org/@radix-ui/react-dialog/-/react-dialog-1.1.15.tgz. Extracting by manifest.
676 silly tarball no local data for @next/swc-win32-x64-msvc@https://registry.npmjs.org/@next/swc-win32-x64-msvc/-/swc-win32-x64-msvc-16.2.5.tgz. Extracting by manifest.
677 silly tarball no local data for @radix-ui/react-collection@https://registry.npmjs.org/@radix-ui/react-collection/-/react-collection-1.1.7.tgz. Extracting by manifest.
678 silly tarball no local data for @parcel/watcher@https://registry.npmjs.org/@parcel/watcher/-/watcher-2.5.6.tgz. Extracting by manifest.
679 silly tarball no local data for @nolyfill/is-core-module@https://registry.npmjs.org/@nolyfill/is-core-module/-/is-core-module-1.0.39.tgz. Extracting by manifest.
680 silly tarball no local data for @next/eslint-plugin-next@https://registry.npmjs.org/@next/eslint-plugin-next/-/eslint-plugin-next-16.2.5.tgz. Extracting by manifest.
681 silly tarball no local data for @radix-ui/react-accordion@https://registry.npmjs.org/@radix-ui/react-accordion/-/react-accordion-1.2.12.tgz. Extracting by manifest.
682 silly tarball no local data for @parcel/watcher-win32-x64@https://registry.npmjs.org/@parcel/watcher-win32-x64/-/watcher-win32-x64-2.5.6.tgz. Extracting by manifest.
683 silly tarball no local data for @next/env@https://registry.npmjs.org/@next/env/-/env-16.2.5.tgz. Extracting by manifest.
684 silly tarball no local data for @humanfs/types@https://registry.npmjs.org/@humanfs/types/-/types-0.15.0.tgz. Extracting by manifest.
685 silly tarball no local data for @humanwhocodes/module-importer@https://registry.npmjs.org/@humanwhocodes/module-importer/-/module-importer-1.0.1.tgz. Extracting by manifest.
686 silly tarball no local data for @img/sharp-win32-x64@https://registry.npmjs.org/@img/sharp-win32-x64/-/sharp-win32-x64-0.34.5.tgz. Extracting by manifest.
687 silly tarball no local data for @humanwhocodes/retry@https://registry.npmjs.org/@humanwhocodes/retry/-/retry-0.4.3.tgz. Extracting by manifest.
688 silly tarball no local data for @eslint-community/regexpp@https://registry.npmjs.org/@eslint-community/regexpp/-/regexpp-4.12.2.tgz. Extracting by manifest.
689 silly tarball no local data for @humanfs/node@https://registry.npmjs.org/@humanfs/node/-/node-0.16.8.tgz. Extracting by manifest.
690 silly tarball no local data for @eslint-community/eslint-utils@https://registry.npmjs.org/@eslint-community/eslint-utils/-/eslint-utils-4.9.1.tgz. Extracting by manifest.
691 silly tarball no local data for @img/colour@https://registry.npmjs.org/@img/colour/-/colour-1.1.0.tgz. Extracting by manifest.
692 silly tarball no local data for @humanfs/core@https://registry.npmjs.org/@humanfs/core/-/core-0.19.2.tgz. Extracting by manifest.
693 silly tarball no local data for @formatjs/intl-localematcher@https://registry.npmjs.org/@formatjs/intl-localematcher/-/intl-localematcher-0.8.6.tgz. Extracting by manifest.
694 silly tarball no local data for @formatjs/icu-skeleton-parser@https://registry.npmjs.org/@formatjs/icu-skeleton-parser/-/icu-skeleton-parser-2.1.7.tgz. Extracting by manifest.
695 silly tarball no local data for @eslint/js@https://registry.npmjs.org/@eslint/js/-/js-9.39.4.tgz. Extracting by manifest.
696 silly tarball no local data for @eslint/object-schema@https://registry.npmjs.org/@eslint/object-schema/-/object-schema-2.1.7.tgz. Extracting by manifest.
697 silly tarball no local data for @formatjs/icu-messageformat-parser@https://registry.npmjs.org/@formatjs/icu-messageformat-parser/-/icu-messageformat-parser-3.5.7.tgz. Extracting by manifest.
698 silly tarball no local data for @formatjs/fast-memoize@https://registry.npmjs.org/@formatjs/fast-memoize/-/fast-memoize-3.1.4.tgz. Extracting by manifest.
699 silly tarball no local data for zod-validation-error@https://registry.npmjs.org/zod-validation-error/-/zod-validation-error-4.0.2.tgz. Extracting by manifest.
700 silly tarball no local data for @eslint/plugin-kit@https://registry.npmjs.org/@eslint/plugin-kit/-/plugin-kit-0.4.1.tgz. Extracting by manifest.
701 silly tarball no local data for @eslint/config-helpers@https://registry.npmjs.org/@eslint/config-helpers/-/config-helpers-0.4.2.tgz. Extracting by manifest.
702 silly tarball no local data for @eslint/config-array@https://registry.npmjs.org/@eslint/config-array/-/config-array-0.21.2.tgz. Extracting by manifest.
703 silly tarball no local data for @eslint/core@https://registry.npmjs.org/@eslint/core/-/core-0.17.0.tgz. Extracting by manifest.
704 silly tarball no local data for zod@https://registry.npmjs.org/zod/-/zod-4.4.3.tgz. Extracting by manifest.
705 silly tarball no local data for yocto-queue@https://registry.npmjs.org/yocto-queue/-/yocto-queue-0.1.0.tgz. Extracting by manifest.
706 silly tarball no local data for which-collection@https://registry.npmjs.org/which-collection/-/which-collection-1.0.2.tgz. Extracting by manifest.
707 silly tarball no local data for @eslint/eslintrc@https://registry.npmjs.org/@eslint/eslintrc/-/eslintrc-3.3.5.tgz. Extracting by manifest.
708 silly tarball no local data for which-typed-array@https://registry.npmjs.org/which-typed-array/-/which-typed-array-1.1.20.tgz. Extracting by manifest.
709 silly tarball no local data for word-wrap@https://registry.npmjs.org/word-wrap/-/word-wrap-1.2.5.tgz. Extracting by manifest.
710 silly tarball no local data for which-boxed-primitive@https://registry.npmjs.org/which-boxed-primitive/-/which-boxed-primitive-1.1.1.tgz. Extracting by manifest.
711 silly tarball no local data for use-intl@https://registry.npmjs.org/use-intl/-/use-intl-4.11.0.tgz. Extracting by manifest.
712 silly tarball no local data for use-callback-ref@https://registry.npmjs.org/use-callback-ref/-/use-callback-ref-1.3.3.tgz. Extracting by manifest.
713 silly tarball no local data for use-sidecar@https://registry.npmjs.org/use-sidecar/-/use-sidecar-1.1.3.tgz. Extracting by manifest.
714 silly tarball no local data for uri-js@https://registry.npmjs.org/uri-js/-/uri-js-4.4.1.tgz. Extracting by manifest.
715 silly tarball no local data for unrs-resolver@https://registry.npmjs.org/unrs-resolver/-/unrs-resolver-1.11.1.tgz. Extracting by manifest.
716 silly tarball no local data for typescript-eslint@https://registry.npmjs.org/typescript-eslint/-/typescript-eslint-8.59.2.tgz. Extracting by manifest.
717 silly tarball no local data for unbox-primitive@https://registry.npmjs.org/unbox-primitive/-/unbox-primitive-1.1.0.tgz. Extracting by manifest.
718 silly tarball no local data for typed-array-length@https://registry.npmjs.org/typed-array-length/-/typed-array-length-1.0.7.tgz. Extracting by manifest.
719 silly tarball no local data for typed-array-byte-length@https://registry.npmjs.org/typed-array-byte-length/-/typed-array-byte-length-1.0.3.tgz. Extracting by manifest.
720 silly tarball no local data for typed-array-buffer@https://registry.npmjs.org/typed-array-buffer/-/typed-array-buffer-1.0.3.tgz. Extracting by manifest.
721 silly tarball no local data for type-check@https://registry.npmjs.org/type-check/-/type-check-0.4.0.tgz. Extracting by manifest.
722 silly tarball no local data for which-builtin-type@https://registry.npmjs.org/which-builtin-type/-/which-builtin-type-1.2.1.tgz. Extracting by manifest.
723 silly tarball no local data for typed-array-byte-offset@https://registry.npmjs.org/typed-array-byte-offset/-/typed-array-byte-offset-1.0.4.tgz. Extracting by manifest.
724 silly tarball no local data for tapable@https://registry.npmjs.org/tapable/-/tapable-2.3.3.tgz. Extracting by manifest.
725 silly tarball no local data for ts-api-utils@https://registry.npmjs.org/ts-api-utils/-/ts-api-utils-2.5.0.tgz. Extracting by manifest.
726 silly tarball no local data for styled-jsx@https://registry.npmjs.org/styled-jsx/-/styled-jsx-5.1.6.tgz. Extracting by manifest.
727 silly tarball no local data for tsconfig-paths@https://registry.npmjs.org/tsconfig-paths/-/tsconfig-paths-3.15.0.tgz. Extracting by manifest.
728 silly tarball no local data for tailwind-merge@https://registry.npmjs.org/tailwind-merge/-/tailwind-merge-3.5.0.tgz. Extracting by manifest.
729 silly tarball no local data for supports-color@https://registry.npmjs.org/supports-color/-/supports-color-7.2.0.tgz. Extracting by manifest.
730 silly tarball no local data for string.prototype.trimstart@https://registry.npmjs.org/string.prototype.trimstart/-/string.prototype.trimstart-1.0.8.tgz. Extracting by manifest.
731 silly tarball no local data for tailwindcss@https://registry.npmjs.org/tailwindcss/-/tailwindcss-4.2.4.tgz. Extracting by manifest.
732 silly tarball no local data for string.prototype.trimend@https://registry.npmjs.org/string.prototype.trimend/-/string.prototype.trimend-1.0.9.tgz. Extracting by manifest.
733 silly tarball no local data for string.prototype.repeat@https://registry.npmjs.org/string.prototype.repeat/-/string.prototype.repeat-1.0.0.tgz. Extracting by manifest.
734 silly tarball no local data for string.prototype.includes@https://registry.npmjs.org/string.prototype.includes/-/string.prototype.includes-2.0.1.tgz. Extracting by manifest.
735 silly tarball no local data for string.prototype.matchall@https://registry.npmjs.org/string.prototype.matchall/-/string.prototype.matchall-4.0.12.tgz. Extracting by manifest.
736 silly tarball no local data for stop-iteration-iterator@https://registry.npmjs.org/stop-iteration-iterator/-/stop-iteration-iterator-1.1.0.tgz. Extracting by manifest.
737 silly tarball no local data for string.prototype.trim@https://registry.npmjs.org/string.prototype.trim/-/string.prototype.trim-1.2.10.tgz. Extracting by manifest.
738 silly tarball no local data for strip-json-comments@https://registry.npmjs.org/strip-json-comments/-/strip-json-comments-3.1.1.tgz. Extracting by manifest.
739 silly tarball no local data for set-proto@https://registry.npmjs.org/set-proto/-/set-proto-1.0.0.tgz. Extracting by manifest.
740 silly tarball no local data for set-function-name@https://registry.npmjs.org/set-function-name/-/set-function-name-2.0.2.tgz. Extracting by manifest.
741 silly tarball no local data for scheduler@https://registry.npmjs.org/scheduler/-/scheduler-0.27.0.tgz. Extracting by manifest.
742 silly tarball no local data for sharp@https://registry.npmjs.org/sharp/-/sharp-0.34.5.tgz. Extracting by manifest.
743 silly tarball no local data for set-function-length@https://registry.npmjs.org/set-function-length/-/set-function-length-1.2.2.tgz. Extracting by manifest.
744 silly tarball no local data for safe-regex-test@https://registry.npmjs.org/safe-regex-test/-/safe-regex-test-1.1.0.tgz. Extracting by manifest.
745 silly tarball no local data for stable-hash@https://registry.npmjs.org/stable-hash/-/stable-hash-0.0.5.tgz. Extracting by manifest.
746 silly tarball no local data for resolve@https://registry.npmjs.org/resolve/-/resolve-2.0.0-next.6.tgz. Extracting by manifest.
747 silly tarball no local data for safe-push-apply@https://registry.npmjs.org/safe-push-apply/-/safe-push-apply-1.0.0.tgz. Extracting by manifest.
748 silly tarball no local data for resolve-pkg-maps@https://registry.npmjs.org/resolve-pkg-maps/-/resolve-pkg-maps-1.0.0.tgz. Extracting by manifest.
749 silly tarball no local data for reflect.getprototypeof@https://registry.npmjs.org/reflect.getprototypeof/-/reflect.getprototypeof-1.0.10.tgz. Extracting by manifest.
750 silly tarball no local data for safe-array-concat@https://registry.npmjs.org/safe-array-concat/-/safe-array-concat-1.1.4.tgz. Extracting by manifest.
751 silly tarball no local data for react-remove-scroll-bar@https://registry.npmjs.org/react-remove-scroll-bar/-/react-remove-scroll-bar-2.3.8.tgz. Extracting by manifest.
752 silly tarball no local data for react-remove-scroll@https://registry.npmjs.org/react-remove-scroll/-/react-remove-scroll-2.7.2.tgz. Extracting by manifest.
753 silly tarball no local data for react-style-singleton@https://registry.npmjs.org/react-style-singleton/-/react-style-singleton-2.2.3.tgz. Extracting by manifest.
754 silly tarball no local data for react-is@https://registry.npmjs.org/react-is/-/react-is-16.13.1.tgz. Extracting by manifest.
755 silly tarball no local data for react-dom@https://registry.npmjs.org/react-dom/-/react-dom-19.2.4.tgz. Extracting by manifest.
756 silly tarball no local data for regexp.prototype.flags@https://registry.npmjs.org/regexp.prototype.flags/-/regexp.prototype.flags-1.5.4.tgz. Extracting by manifest.
757 silly tarball no local data for react@https://registry.npmjs.org/react/-/react-19.2.4.tgz. Extracting by manifest.
758 silly tarball no local data for prop-types@https://registry.npmjs.org/prop-types/-/prop-types-15.8.1.tgz. Extracting by manifest.
759 silly tarball no local data for punycode@https://registry.npmjs.org/punycode/-/punycode-2.3.1.tgz. Extracting by manifest.
760 silly tarball no local data for po-parser@https://registry.npmjs.org/po-parser/-/po-parser-2.1.1.tgz. Extracting by manifest.
761 silly tarball no local data for prelude-ls@https://registry.npmjs.org/prelude-ls/-/prelude-ls-1.2.1.tgz. Extracting by manifest.
762 silly tarball no local data for possible-typed-array-names@https://registry.npmjs.org/possible-typed-array-names/-/possible-typed-array-names-1.1.0.tgz. Extracting by manifest.
763 silly tarball no local data for path-exists@https://registry.npmjs.org/path-exists/-/path-exists-4.0.0.tgz. Extracting by manifest.
764 silly tarball no local data for p-locate@https://registry.npmjs.org/p-locate/-/p-locate-5.0.0.tgz. Extracting by manifest.
765 silly tarball no local data for p-limit@https://registry.npmjs.org/p-limit/-/p-limit-3.1.0.tgz. Extracting by manifest.
766 silly tarball no local data for own-keys@https://registry.npmjs.org/own-keys/-/own-keys-1.0.1.tgz. Extracting by manifest.
767 silly tarball no local data for optionator@https://registry.npmjs.org/optionator/-/optionator-0.9.4.tgz. Extracting by manifest.
768 silly tarball no local data for object.values@https://registry.npmjs.org/object.values/-/object.values-1.2.1.tgz. Extracting by manifest.
769 silly tarball no local data for object.fromentries@https://registry.npmjs.org/object.fromentries/-/object.fromentries-2.0.8.tgz. Extracting by manifest.
770 silly tarball no local data for object.entries@https://registry.npmjs.org/object.entries/-/object.entries-1.1.9.tgz. Extracting by manifest.
771 silly tarball no local data for object.groupby@https://registry.npmjs.org/object.groupby/-/object.groupby-1.0.3.tgz. Extracting by manifest.
772 silly tarball no local data for nodemailer@https://registry.npmjs.org/nodemailer/-/nodemailer-8.0.7.tgz. Extracting by manifest.
773 silly tarball no local data for node-exports-info@https://registry.npmjs.org/node-exports-info/-/node-exports-info-1.6.0.tgz. Extracting by manifest.
774 silly tarball no local data for object-keys@https://registry.npmjs.org/object-keys/-/object-keys-1.1.1.tgz. Extracting by manifest.
775 silly tarball no local data for node-addon-api@https://registry.npmjs.org/node-addon-api/-/node-addon-api-7.1.1.tgz. Extracting by manifest.
776 silly tarball no local data for object.assign@https://registry.npmjs.org/object.assign/-/object.assign-4.1.7.tgz. Extracting by manifest.
777 silly tarball no local data for natural-compare@https://registry.npmjs.org/natural-compare/-/natural-compare-1.4.0.tgz. Extracting by manifest.
778 silly tarball no local data for next-intl-swc-plugin-extractor@https://registry.npmjs.org/next-intl-swc-plugin-extractor/-/next-intl-swc-plugin-extractor-4.11.0.tgz. Extracting by manifest.
779 silly tarball no local data for napi-postinstall@https://registry.npmjs.org/napi-postinstall/-/napi-postinstall-0.3.4.tgz. Extracting by manifest.
780 silly tarball no local data for motion-utils@https://registry.npmjs.org/motion-utils/-/motion-utils-12.36.0.tgz. Extracting by manifest.
781 silly tarball no local data for motion-dom@https://registry.npmjs.org/motion-dom/-/motion-dom-12.38.0.tgz. Extracting by manifest.
782 silly tarball no local data for minimatch@https://registry.npmjs.org/minimatch/-/minimatch-3.1.5.tgz. Extracting by manifest.
783 silly tarball no local data for next-intl@https://registry.npmjs.org/next-intl/-/next-intl-4.11.0.tgz. Extracting by manifest.
784 silly tarball no local data for next@https://registry.npmjs.org/next/-/next-16.2.5.tgz. Extracting by manifest.
785 silly tarball no local data for magic-string@https://registry.npmjs.org/magic-string/-/magic-string-0.30.21.tgz. Extracting by manifest.
786 silly tarball no local data for lodash.merge@https://registry.npmjs.org/lodash.merge/-/lodash.merge-4.6.2.tgz. Extracting by manifest.
787 silly tarball no local data for locate-path@https://registry.npmjs.org/locate-path/-/locate-path-6.0.0.tgz. Extracting by manifest.
788 silly tarball no local data for lightningcss@https://registry.npmjs.org/lightningcss/-/lightningcss-1.32.0.tgz. Extracting by manifest.
789 silly tarball no local data for lucide-react@https://registry.npmjs.org/lucide-react/-/lucide-react-1.14.0.tgz. Extracting by manifest.
790 silly tarball no local data for lightningcss-win32-x64-msvc@https://registry.npmjs.org/lightningcss-win32-x64-msvc/-/lightningcss-win32-x64-msvc-1.32.0.tgz. Extracting by manifest.
791 silly tarball no local data for levn@https://registry.npmjs.org/levn/-/levn-0.4.1.tgz. Extracting by manifest.
792 silly tarball no local data for language-tags@https://registry.npmjs.org/language-tags/-/language-tags-1.0.9.tgz. Extracting by manifest.
793 silly tarball no local data for json-schema-traverse@https://registry.npmjs.org/json-schema-traverse/-/json-schema-traverse-0.4.1.tgz. Extracting by manifest.
794 silly tarball no local data for language-subtag-registry@https://registry.npmjs.org/language-subtag-registry/-/language-subtag-registry-0.3.23.tgz. Extracting by manifest.
795 silly tarball no local data for keyv@https://registry.npmjs.org/keyv/-/keyv-4.5.4.tgz. Extracting by manifest.
796 silly tarball no local data for json-stable-stringify-without-jsonify@https://registry.npmjs.org/json-stable-stringify-without-jsonify/-/json-stable-stringify-without-jsonify-1.0.1.tgz. Extracting by manifest.
797 silly tarball no local data for jiti@https://registry.npmjs.org/jiti/-/jiti-2.7.0.tgz. Extracting by manifest.
798 silly tarball no local data for iterator.prototype@https://registry.npmjs.org/iterator.prototype/-/iterator.prototype-1.1.5.tgz. Extracting by manifest.
799 silly tarball no local data for jsx-ast-utils@https://registry.npmjs.org/jsx-ast-utils/-/jsx-ast-utils-3.3.5.tgz. Extracting by manifest.
800 silly tarball no local data for isarray@https://registry.npmjs.org/isarray/-/isarray-2.0.5.tgz. Extracting by manifest.
801 silly tarball no local data for is-weakset@https://registry.npmjs.org/is-weakset/-/is-weakset-2.0.4.tgz. Extracting by manifest.
802 silly tarball no local data for json-buffer@https://registry.npmjs.org/json-buffer/-/json-buffer-3.0.1.tgz. Extracting by manifest.
803 silly tarball no local data for is-weakmap@https://registry.npmjs.org/is-weakmap/-/is-weakmap-2.0.2.tgz. Extracting by manifest.
804 silly tarball no local data for is-typed-array@https://registry.npmjs.org/is-typed-array/-/is-typed-array-1.1.15.tgz. Extracting by manifest.
805 silly tarball no local data for is-symbol@https://registry.npmjs.org/is-symbol/-/is-symbol-1.1.1.tgz. Extracting by manifest.
806 silly tarball no local data for is-string@https://registry.npmjs.org/is-string/-/is-string-1.1.1.tgz. Extracting by manifest.
807 silly tarball no local data for is-weakref@https://registry.npmjs.org/is-weakref/-/is-weakref-1.1.1.tgz. Extracting by manifest.
808 silly tarball no local data for is-shared-array-buffer@https://registry.npmjs.org/is-shared-array-buffer/-/is-shared-array-buffer-1.0.4.tgz. Extracting by manifest.
809 silly tarball no local data for is-set@https://registry.npmjs.org/is-set/-/is-set-2.0.3.tgz. Extracting by manifest.
810 silly tarball no local data for is-map@https://registry.npmjs.org/is-map/-/is-map-2.0.3.tgz. Extracting by manifest.
811 silly tarball no local data for is-generator-function@https://registry.npmjs.org/is-generator-function/-/is-generator-function-1.1.2.tgz. Extracting by manifest.
812 silly tarball no local data for is-negative-zero@https://registry.npmjs.org/is-negative-zero/-/is-negative-zero-2.0.3.tgz. Extracting by manifest.
813 silly tarball no local data for is-number-object@https://registry.npmjs.org/is-number-object/-/is-number-object-1.1.1.tgz. Extracting by manifest.
814 silly tarball no local data for is-regex@https://registry.npmjs.org/is-regex/-/is-regex-1.2.1.tgz. Extracting by manifest.
815 silly tarball no local data for is-date-object@https://registry.npmjs.org/is-date-object/-/is-date-object-1.1.0.tgz. Extracting by manifest.
816 silly tarball no local data for is-callable@https://registry.npmjs.org/is-callable/-/is-callable-1.2.7.tgz. Extracting by manifest.
817 silly tarball no local data for is-boolean-object@https://registry.npmjs.org/is-boolean-object/-/is-boolean-object-1.2.2.tgz. Extracting by manifest.
818 silly tarball no local data for is-bigint@https://registry.npmjs.org/is-bigint/-/is-bigint-1.1.0.tgz. Extracting by manifest.
819 silly tarball no local data for is-data-view@https://registry.npmjs.org/is-data-view/-/is-data-view-1.0.2.tgz. Extracting by manifest.
820 silly tarball no local data for intl-messageformat@https://registry.npmjs.org/intl-messageformat/-/intl-messageformat-11.2.4.tgz. Extracting by manifest.
821 silly tarball no local data for is-finalizationregistry@https://registry.npmjs.org/is-finalizationregistry/-/is-finalizationregistry-1.1.1.tgz. Extracting by manifest.
822 silly tarball no local data for is-array-buffer@https://registry.npmjs.org/is-array-buffer/-/is-array-buffer-3.0.5.tgz. Extracting by manifest.
823 silly tarball no local data for internal-slot@https://registry.npmjs.org/internal-slot/-/internal-slot-1.1.0.tgz. Extracting by manifest.
824 silly tarball no local data for imurmurhash@https://registry.npmjs.org/imurmurhash/-/imurmurhash-0.1.4.tgz. Extracting by manifest.
825 silly tarball no local data for is-bun-module@https://registry.npmjs.org/is-bun-module/-/is-bun-module-2.0.0.tgz. Extracting by manifest.
826 silly tarball no local data for icu-minify@https://registry.npmjs.org/icu-minify/-/icu-minify-4.11.0.tgz. Extracting by manifest.
827 silly tarball no local data for hermes-parser@https://registry.npmjs.org/hermes-parser/-/hermes-parser-0.25.1.tgz. Extracting by manifest.
828 silly tarball no local data for is-async-function@https://registry.npmjs.org/is-async-function/-/is-async-function-2.1.1.tgz. Extracting by manifest.
829 silly tarball no local data for hermes-estree@https://registry.npmjs.org/hermes-estree/-/hermes-estree-0.25.1.tgz. Extracting by manifest.
830 silly tarball no local data for has-property-descriptors@https://registry.npmjs.org/has-property-descriptors/-/has-property-descriptors-1.0.2.tgz. Extracting by manifest.
831 silly tarball no local data for has-proto@https://registry.npmjs.org/has-proto/-/has-proto-1.2.0.tgz. Extracting by manifest.
832 silly tarball no local data for globals@https://registry.npmjs.org/globals/-/globals-14.0.0.tgz. Extracting by manifest.
833 silly tarball no local data for has-flag@https://registry.npmjs.org/has-flag/-/has-flag-4.0.0.tgz. Extracting by manifest.
834 silly tarball no local data for globalthis@https://registry.npmjs.org/globalthis/-/globalthis-1.0.4.tgz. Extracting by manifest.
835 silly tarball no local data for has-tostringtag@https://registry.npmjs.org/has-tostringtag/-/has-tostringtag-1.0.2.tgz. Extracting by manifest.
836 silly tarball no local data for has-bigints@https://registry.npmjs.org/has-bigints/-/has-bigints-1.1.0.tgz. Extracting by manifest.
837 silly tarball no local data for get-tsconfig@https://registry.npmjs.org/get-tsconfig/-/get-tsconfig-4.14.0.tgz. Extracting by manifest.
838 silly tarball no local data for functions-have-names@https://registry.npmjs.org/functions-have-names/-/functions-have-names-1.2.3.tgz. Extracting by manifest.
839 silly tarball no local data for get-symbol-description@https://registry.npmjs.org/get-symbol-description/-/get-symbol-description-1.1.0.tgz. Extracting by manifest.
840 silly tarball no local data for generator-function@https://registry.npmjs.org/generator-function/-/generator-function-2.0.1.tgz. Extracting by manifest.
841 silly tarball no local data for get-nonce@https://registry.npmjs.org/get-nonce/-/get-nonce-1.0.1.tgz. Extracting by manifest.
842 silly tarball no local data for function.prototype.name@https://registry.npmjs.org/function.prototype.name/-/function.prototype.name-1.1.8.tgz. Extracting by manifest.
843 silly tarball no local data for for-each@https://registry.npmjs.org/for-each/-/for-each-0.3.5.tgz. Extracting by manifest.
844 silly tarball no local data for framer-motion@https://registry.npmjs.org/framer-motion/-/framer-motion-12.38.0.tgz. Extracting by manifest.
845 silly tarball no local data for flat-cache@https://registry.npmjs.org/flat-cache/-/flat-cache-4.0.1.tgz. Extracting by manifest.
846 silly tarball no local data for find-up@https://registry.npmjs.org/find-up/-/find-up-5.0.0.tgz. Extracting by manifest.
847 silly tarball no local data for file-entry-cache@https://registry.npmjs.org/file-entry-cache/-/file-entry-cache-8.0.0.tgz. Extracting by manifest.
848 silly tarball no local data for fast-levenshtein@https://registry.npmjs.org/fast-levenshtein/-/fast-levenshtein-2.0.6.tgz. Extracting by manifest.
849 silly tarball no local data for fast-json-stable-stringify@https://registry.npmjs.org/fast-json-stable-stringify/-/fast-json-stable-stringify-2.1.0.tgz. Extracting by manifest.
850 silly tarball no local data for fast-glob@https://registry.npmjs.org/fast-glob/-/fast-glob-3.3.1.tgz. Extracting by manifest.
851 silly tarball no local data for esquery@https://registry.npmjs.org/esquery/-/esquery-1.7.0.tgz. Extracting by manifest.
852 silly tarball no local data for esrecurse@https://registry.npmjs.org/esrecurse/-/esrecurse-4.3.0.tgz. Extracting by manifest.
853 silly tarball no local data for espree@https://registry.npmjs.org/espree/-/espree-10.4.0.tgz. Extracting by manifest.
854 silly tarball no local data for flatted@https://registry.npmjs.org/flatted/-/flatted-3.4.2.tgz. Extracting by manifest.
855 silly tarball no local data for eslint-plugin-react-hooks@https://registry.npmjs.org/eslint-plugin-react-hooks/-/eslint-plugin-react-hooks-7.1.1.tgz. Extracting by manifest.
856 silly tarball no local data for eslint-plugin-react@https://registry.npmjs.org/eslint-plugin-react/-/eslint-plugin-react-7.37.5.tgz. Extracting by manifest.
857 silly tarball no local data for eslint-plugin-jsx-a11y@https://registry.npmjs.org/eslint-plugin-jsx-a11y/-/eslint-plugin-jsx-a11y-6.10.2.tgz. Extracting by manifest.
858 silly tarball no local data for eslint-scope@https://registry.npmjs.org/eslint-scope/-/eslint-scope-8.4.0.tgz. Extracting by manifest.
859 silly tarball no local data for eslint-visitor-keys@https://registry.npmjs.org/eslint-visitor-keys/-/eslint-visitor-keys-4.2.1.tgz. Extracting by manifest.
860 silly tarball no local data for eslint-module-utils@https://registry.npmjs.org/eslint-module-utils/-/eslint-module-utils-2.12.1.tgz. Extracting by manifest.
861 silly tarball no local data for eslint-plugin-import@https://registry.npmjs.org/eslint-plugin-import/-/eslint-plugin-import-2.32.0.tgz. Extracting by manifest.
862 silly tarball no local data for eslint-import-resolver-typescript@https://registry.npmjs.org/eslint-import-resolver-typescript/-/eslint-import-resolver-typescript-3.10.1.tgz. Extracting by manifest.
863 silly tarball no local data for eslint-import-resolver-node@https://registry.npmjs.org/eslint-import-resolver-node/-/eslint-import-resolver-node-0.3.10.tgz. Extracting by manifest.
864 silly tarball no local data for escape-string-regexp@https://registry.npmjs.org/escape-string-regexp/-/escape-string-regexp-4.0.0.tgz. Extracting by manifest.
865 silly tarball no local data for eslint-config-next@https://registry.npmjs.org/eslint-config-next/-/eslint-config-next-16.2.5.tgz. Extracting by manifest.
866 silly tarball no local data for eslint@https://registry.npmjs.org/eslint/-/eslint-9.39.4.tgz. Extracting by manifest.
867 silly tarball no local data for es-shim-unscopables@https://registry.npmjs.org/es-shim-unscopables/-/es-shim-unscopables-1.1.0.tgz. Extracting by manifest.
868 silly tarball no local data for es-iterator-helpers@https://registry.npmjs.org/es-iterator-helpers/-/es-iterator-helpers-1.3.2.tgz. Extracting by manifest.
869 silly tarball no local data for es-to-primitive@https://registry.npmjs.org/es-to-primitive/-/es-to-primitive-1.3.0.tgz. Extracting by manifest.
870 silly tarball no local data for emoji-regex@https://registry.npmjs.org/emoji-regex/-/emoji-regex-9.2.2.tgz. Extracting by manifest.
871 silly tarball no local data for es-set-tostringtag@https://registry.npmjs.org/es-set-tostringtag/-/es-set-tostringtag-2.1.0.tgz. Extracting by manifest.
872 silly tarball no local data for electron-to-chromium@https://registry.npmjs.org/electron-to-chromium/-/electron-to-chromium-1.5.352.tgz. Extracting by manifest.
873 silly tarball no local data for es-abstract@https://registry.npmjs.org/es-abstract/-/es-abstract-1.24.2.tgz. Extracting by manifest.
874 silly tarball no local data for enhanced-resolve@https://registry.npmjs.org/enhanced-resolve/-/enhanced-resolve-5.21.0.tgz. Extracting by manifest.
875 silly tarball no local data for detect-node-es@https://registry.npmjs.org/detect-node-es/-/detect-node-es-1.1.0.tgz. Extracting by manifest.
876 silly tarball no local data for doctrine@https://registry.npmjs.org/doctrine/-/doctrine-2.1.0.tgz. Extracting by manifest.
877 silly tarball no local data for define-data-property@https://registry.npmjs.org/define-data-property/-/define-data-property-1.1.4.tgz. Extracting by manifest.
878 silly tarball no local data for detect-libc@https://registry.npmjs.org/detect-libc/-/detect-libc-2.1.2.tgz. Extracting by manifest.
879 silly tarball no local data for data-view-byte-offset@https://registry.npmjs.org/data-view-byte-offset/-/data-view-byte-offset-1.0.1.tgz. Extracting by manifest.
880 silly tarball no local data for deep-is@https://registry.npmjs.org/deep-is/-/deep-is-0.1.4.tgz. Extracting by manifest.
881 silly tarball no local data for concat-map@https://registry.npmjs.org/concat-map/-/concat-map-0.0.1.tgz. Extracting by manifest.
882 silly tarball no local data for damerau-levenshtein@https://registry.npmjs.org/damerau-levenshtein/-/damerau-levenshtein-1.0.8.tgz. Extracting by manifest.
883 silly tarball no local data for data-view-byte-length@https://registry.npmjs.org/data-view-byte-length/-/data-view-byte-length-1.0.2.tgz. Extracting by manifest.
884 silly tarball no local data for clsx@https://registry.npmjs.org/clsx/-/clsx-2.1.1.tgz. Extracting by manifest.
885 silly tarball no local data for define-properties@https://registry.npmjs.org/define-properties/-/define-properties-1.2.1.tgz. Extracting by manifest.
886 silly tarball no local data for data-view-buffer@https://registry.npmjs.org/data-view-buffer/-/data-view-buffer-1.0.2.tgz. Extracting by manifest.
887 silly tarball no local data for brace-expansion@https://registry.npmjs.org/brace-expansion/-/brace-expansion-1.1.14.tgz. Extracting by manifest.
888 silly tarball no local data for chalk@https://registry.npmjs.org/chalk/-/chalk-4.1.2.tgz. Extracting by manifest.
889 silly tarball no local data for balanced-match@https://registry.npmjs.org/balanced-match/-/balanced-match-1.0.2.tgz. Extracting by manifest.
890 silly tarball no local data for available-typed-arrays@https://registry.npmjs.org/available-typed-arrays/-/available-typed-arrays-1.0.7.tgz. Extracting by manifest.
891 silly tarball no local data for baseline-browser-mapping@https://registry.npmjs.org/baseline-browser-mapping/-/baseline-browser-mapping-2.10.27.tgz. Extracting by manifest.
892 silly tarball no local data for async-function@https://registry.npmjs.org/async-function/-/async-function-1.0.0.tgz. Extracting by manifest.
893 silly tarball no local data for call-bind@https://registry.npmjs.org/call-bind/-/call-bind-1.0.9.tgz. Extracting by manifest.
894 silly tarball no local data for axe-core@https://registry.npmjs.org/axe-core/-/axe-core-4.11.4.tgz. Extracting by manifest.
895 silly tarball no local data for arraybuffer.prototype.slice@https://registry.npmjs.org/arraybuffer.prototype.slice/-/arraybuffer.prototype.slice-1.0.4.tgz. Extracting by manifest.
896 silly tarball no local data for axobject-query@https://registry.npmjs.org/axobject-query/-/axobject-query-4.1.0.tgz. Extracting by manifest.
897 silly tarball no local data for array.prototype.flat@https://registry.npmjs.org/array.prototype.flat/-/array.prototype.flat-1.3.3.tgz. Extracting by manifest.
898 silly tarball no local data for array.prototype.findlast@https://registry.npmjs.org/array.prototype.findlast/-/array.prototype.findlast-1.2.5.tgz. Extracting by manifest.
899 silly tarball no local data for array.prototype.tosorted@https://registry.npmjs.org/array.prototype.tosorted/-/array.prototype.tosorted-1.1.4.tgz. Extracting by manifest.
900 silly tarball no local data for array.prototype.flatmap@https://registry.npmjs.org/array.prototype.flatmap/-/array.prototype.flatmap-1.3.3.tgz. Extracting by manifest.
901 silly tarball no local data for array.prototype.findlastindex@https://registry.npmjs.org/array.prototype.findlastindex/-/array.prototype.findlastindex-1.2.6.tgz. Extracting by manifest.
902 silly tarball no local data for ast-types-flow@https://registry.npmjs.org/ast-types-flow/-/ast-types-flow-0.0.8.tgz. Extracting by manifest.
903 silly tarball no local data for array-includes@https://registry.npmjs.org/array-includes/-/array-includes-3.1.9.tgz. Extracting by manifest.
904 silly tarball no local data for array-buffer-byte-length@https://registry.npmjs.org/array-buffer-byte-length/-/array-buffer-byte-length-1.0.2.tgz. Extracting by manifest.
905 silly tarball no local data for acorn-jsx@https://registry.npmjs.org/acorn-jsx/-/acorn-jsx-5.3.2.tgz. Extracting by manifest.
906 silly tarball no local data for ajv@https://registry.npmjs.org/ajv/-/ajv-6.15.0.tgz. Extracting by manifest.
907 silly tarball no local data for aria-hidden@https://registry.npmjs.org/aria-hidden/-/aria-hidden-1.2.6.tgz. Extracting by manifest.
908 silly tarball no local data for eslint-visitor-keys@https://registry.npmjs.org/eslint-visitor-keys/-/eslint-visitor-keys-5.0.1.tgz. Extracting by manifest.
909 silly tarball no local data for aria-query@https://registry.npmjs.org/aria-query/-/aria-query-5.3.2.tgz. Extracting by manifest.
910 silly tarball no local data for acorn@https://registry.npmjs.org/acorn/-/acorn-8.16.0.tgz. Extracting by manifest.
911 silly tarball no local data for semver@https://registry.npmjs.org/semver/-/semver-7.7.4.tgz. Extracting by manifest.
912 silly tarball no local data for ignore@https://registry.npmjs.org/ignore/-/ignore-7.0.5.tgz. Extracting by manifest.
913 silly tarball no local data for @radix-ui/react-slot@https://registry.npmjs.org/@radix-ui/react-slot/-/react-slot-1.2.3.tgz. Extracting by manifest.
914 silly tarball no local data for @radix-ui/react-slot@https://registry.npmjs.org/@radix-ui/react-slot/-/react-slot-1.2.3.tgz. Extracting by manifest.
915 silly tarball no local data for brace-expansion@https://registry.npmjs.org/brace-expansion/-/brace-expansion-5.0.5.tgz. Extracting by manifest.
916 silly tarball no local data for json5@https://registry.npmjs.org/json5/-/json5-1.0.2.tgz. Extracting by manifest.
917 silly tarball no local data for @radix-ui/react-slot@https://registry.npmjs.org/@radix-ui/react-slot/-/react-slot-1.2.3.tgz. Extracting by manifest.
918 silly tarball no local data for eslint-visitor-keys@https://registry.npmjs.org/eslint-visitor-keys/-/eslint-visitor-keys-3.4.3.tgz. Extracting by manifest.
919 silly tarball no local data for @swc/core@https://registry.npmjs.org/@swc/core/-/core-1.15.33.tgz. Extracting by manifest.
920 silly tarball no local data for semver@https://registry.npmjs.org/semver/-/semver-7.7.4.tgz. Extracting by manifest.
921 silly tarball no local data for semver@https://registry.npmjs.org/semver/-/semver-7.7.4.tgz. Extracting by manifest.
922 silly tarball no local data for @swc/helpers@https://registry.npmjs.org/@swc/helpers/-/helpers-0.5.15.tgz. Extracting by manifest.
923 silly tarball no local data for debug@https://registry.npmjs.org/debug/-/debug-3.2.7.tgz. Extracting by manifest.
924 silly tarball no local data for debug@https://registry.npmjs.org/debug/-/debug-3.2.7.tgz. Extracting by manifest.
925 silly tarball no local data for debug@https://registry.npmjs.org/debug/-/debug-3.2.7.tgz. Extracting by manifest.
926 silly tarball no local data for globals@https://registry.npmjs.org/globals/-/globals-16.4.0.tgz. Extracting by manifest.
927 http fetch GET https://registry.npmjs.org/@babel/parser/-/parser-7.29.3.tgz attempt 1 failed with EACCES
928 http fetch GET https://registry.npmjs.org/update-browserslist-db/-/update-browserslist-db-1.2.3.tgz attempt 1 failed with EACCES
929 http fetch GET https://registry.npmjs.org/which/-/which-2.0.2.tgz attempt 1 failed with EACCES
930 http fetch GET https://registry.npmjs.org/typescript/-/typescript-5.9.3.tgz attempt 1 failed with EACCES
931 http fetch GET https://registry.npmjs.org/nanoid/-/nanoid-3.3.12.tgz attempt 1 failed with EACCES
932 http fetch GET https://registry.npmjs.org/jsesc/-/jsesc-3.1.0.tgz attempt 1 failed with EACCES
933 http fetch GET https://registry.npmjs.org/semver/-/semver-6.3.1.tgz attempt 1 failed with EACCES
934 http fetch GET https://registry.npmjs.org/js-yaml/-/js-yaml-4.1.1.tgz attempt 1 failed with EACCES
935 http fetch GET https://registry.npmjs.org/json5/-/json5-2.2.3.tgz attempt 1 failed with EACCES
936 http fetch GET https://registry.npmjs.org/@unrs/resolver-binding-win32-x64-msvc/-/resolver-binding-win32-x64-msvc-1.11.1.tgz attempt 1 failed with EACCES
937 http fetch GET https://registry.npmjs.org/@typescript-eslint/utils/-/utils-8.59.2.tgz attempt 1 failed with EACCES
938 http fetch GET https://registry.npmjs.org/loose-envify/-/loose-envify-1.4.0.tgz attempt 1 failed with EACCES
939 http fetch GET https://registry.npmjs.org/browserslist/-/browserslist-4.28.2.tgz attempt 1 failed with EACCES
940 http fetch GET https://registry.npmjs.org/@typescript-eslint/visitor-keys/-/visitor-keys-8.59.2.tgz attempt 1 failed with EACCES
941 http fetch GET https://registry.npmjs.org/@typescript-eslint/typescript-estree/-/typescript-estree-8.59.2.tgz attempt 1 failed with EACCES
942 http fetch GET https://registry.npmjs.org/npm attempt 2 failed with EACCES
943 http fetch GET https://registry.npmjs.org/@babel/parser/-/parser-7.29.3.tgz attempt 2 failed with EACCES
944 http fetch GET https://registry.npmjs.org/update-browserslist-db/-/update-browserslist-db-1.2.3.tgz attempt 2 failed with EACCES
945 http fetch GET https://registry.npmjs.org/which/-/which-2.0.2.tgz attempt 2 failed with EACCES
946 http fetch GET https://registry.npmjs.org/typescript/-/typescript-5.9.3.tgz attempt 2 failed with EACCES
947 http fetch GET https://registry.npmjs.org/nanoid/-/nanoid-3.3.12.tgz attempt 2 failed with EACCES
948 http fetch GET https://registry.npmjs.org/jsesc/-/jsesc-3.1.0.tgz attempt 2 failed with EACCES
949 http fetch GET https://registry.npmjs.org/semver/-/semver-6.3.1.tgz attempt 2 failed with EACCES
950 http fetch GET https://registry.npmjs.org/js-yaml/-/js-yaml-4.1.1.tgz attempt 2 failed with EACCES
951 http fetch GET https://registry.npmjs.org/json5/-/json5-2.2.3.tgz attempt 2 failed with EACCES
952 http fetch GET https://registry.npmjs.org/@unrs/resolver-binding-win32-x64-msvc/-/resolver-binding-win32-x64-msvc-1.11.1.tgz attempt 2 failed with EACCES
953 http fetch GET https://registry.npmjs.org/@typescript-eslint/utils/-/utils-8.59.2.tgz attempt 2 failed with EACCES
954 http fetch GET https://registry.npmjs.org/loose-envify/-/loose-envify-1.4.0.tgz attempt 2 failed with EACCES
955 http fetch GET https://registry.npmjs.org/browserslist/-/browserslist-4.28.2.tgz attempt 2 failed with EACCES
956 http fetch GET https://registry.npmjs.org/@typescript-eslint/visitor-keys/-/visitor-keys-8.59.2.tgz attempt 2 failed with EACCES
957 http fetch GET https://registry.npmjs.org/@typescript-eslint/typescript-estree/-/typescript-estree-8.59.2.tgz attempt 2 failed with EACCES
958 http fetch GET https://registry.npmjs.org/npm attempt 3 failed with EACCES
959 http fetch GET https://registry.npmjs.org/@babel/parser/-/parser-7.29.3.tgz attempt 3 failed with EACCES
960 http fetch GET https://registry.npmjs.org/update-browserslist-db/-/update-browserslist-db-1.2.3.tgz attempt 3 failed with EACCES
961 http fetch GET https://registry.npmjs.org/which/-/which-2.0.2.tgz attempt 3 failed with EACCES
962 http fetch GET https://registry.npmjs.org/typescript/-/typescript-5.9.3.tgz attempt 3 failed with EACCES
963 http fetch GET https://registry.npmjs.org/nanoid/-/nanoid-3.3.12.tgz attempt 3 failed with EACCES
964 http fetch GET https://registry.npmjs.org/jsesc/-/jsesc-3.1.0.tgz attempt 3 failed with EACCES
965 http fetch GET https://registry.npmjs.org/semver/-/semver-6.3.1.tgz attempt 3 failed with EACCES
966 http fetch GET https://registry.npmjs.org/js-yaml/-/js-yaml-4.1.1.tgz attempt 3 failed with EACCES
967 http fetch GET https://registry.npmjs.org/json5/-/json5-2.2.3.tgz attempt 3 failed with EACCES
968 http fetch GET https://registry.npmjs.org/@unrs/resolver-binding-win32-x64-msvc/-/resolver-binding-win32-x64-msvc-1.11.1.tgz attempt 3 failed with EACCES
969 verbose reify failed optional dependency C:\Users\Pico\Documents\Projects\archi-studio\node_modules\@unrs\resolver-binding-win32-x64-msvc
970 silly reify mark deleted [
970 silly reify   'C:\\Users\\Pico\\Documents\\Projects\\archi-studio\\node_modules\\@unrs\\resolver-binding-win32-x64-msvc'
970 silly reify ]
971 http fetch GET https://registry.npmjs.org/@typescript-eslint/utils/-/utils-8.59.2.tgz attempt 3 failed with EACCES
972 http fetch GET https://registry.npmjs.org/loose-envify/-/loose-envify-1.4.0.tgz attempt 3 failed with EACCES
973 http fetch GET https://registry.npmjs.org/browserslist/-/browserslist-4.28.2.tgz attempt 3 failed with EACCES
974 http fetch GET https://registry.npmjs.org/@typescript-eslint/visitor-keys/-/visitor-keys-8.59.2.tgz attempt 3 failed with EACCES
975 http fetch GET https://registry.npmjs.org/@typescript-eslint/typescript-estree/-/typescript-estree-8.59.2.tgz attempt 3 failed with EACCES
976 verbose cwd C:\Users\Pico\Documents\Projects\archi-studio
977 verbose os Windows_NT 10.0.26200
978 verbose node v26.0.0
979 verbose npm  v11.13.0
980 error Exit handler never called!
981 error This is an error with npm itself. Please report this error at:
982 error   <https://github.com/npm/cli/issues>
983 verbose exit 1
984 verbose code 1
985 error A complete log of this run can be found in: C:\Users\Pico\Documents\Projects\archi-studio\.npm-cache\_logs\2026-06-02T09_10_56_310Z-debug-0.log
